species,lon,lat
Eunicella verrucosa,-2.9162699999999964,47.56467999620584
Eunicella verrucosa,-9.691,52.70999999751129
Eunicella verrucosa,-9.16324200000001,53.14956999759569
Eunicella verrucosa,-3.9525000000000006,48.73583299655739
Eunicella verrucosa,-3.900000000000001,48.70999999654997
Eunicella verrucosa,-3.9600000000000017,48.74999999656146
Eunicella verrucosa,-3.990000000000003,47.689999996245014
Eunicella verrucosa,-4.059999999999999,47.729999996257455
Eunicella verrucosa,-4.419999999999997,48.3099999964334
Eunicella verrucosa,-8.439999999999992,54.4699999978266
Eunicella verrucosa,-5.3,51.73999999731089
Eunicella verrucosa,-4.1099999999999985,50.29999999697568
Eunicella verrucosa,-4.339999999999995,50.20999999695316
Eunicella verrucosa,-4.129999999999995,50.33999999698556
Eunicella verrucosa,-4.949999999999996,50.58999999704692
Eunicella verrucosa,-5.000000000000003,50.069999996917716
Eunicella verrucosa,-5.0399999999999965,50.049999996912625
Eunicella verrucosa,-5.039999999999994,50.03999999691012
Eunicella verrucosa,-2.959999999999994,50.64999999706138
Eunicella verrucosa,-2.799999999999996,50.679999997068634
Eunicella verrucosa,-2.94,50.679999997068634
Eunicella verrucosa,-4.689999999999996,51.16999999718377
Eunicella verrucosa,-6.3100000000000005,49.97999999689477
Eunicella verrucosa,-6.260000000000001,49.96999999689219
Eunicella verrucosa,-5.040837000000008,48.59918099651811
Eunicella verrucosa,-5.008320999999994,48.58934399651521
Eunicella verrucosa,-2.6114019999999996,48.739132996558304
Eunicella verrucosa,-4.239999999999997,50.299999996975664
Eunicella verrucosa,-4.269999999999993,50.199999996950666
Eunicella verrucosa,-5.049999999999999,49.99999999689986
Eunicella verrucosa,-2.9499999999999993,50.6999999970734
Eunicella verrucosa,-4.150000000000003,50.29999999697568
Eunicella verrucosa,-2.9600000000000017,50.59999999704931
Eunicella verrucosa,-3.0399999999999987,50.59999999704931
Eunicella verrucosa,-2.8099999999999987,50.6999999970734
Eunicella verrucosa,-5.039999999999994,49.99999999689986
Eunicella verrucosa,-5.019999999999998,50.099999996925376
Eunicella verrucosa,-2.949999999999998,50.59999999704931
Eunicella verrucosa,-4.120000000000008,50.299999996975664
Eunicella verrucosa,-3.539999999999998,50.29999999697568
Eunicella verrucosa,-3.970000000000003,50.29999999697568
Eunicella verrucosa,-5.069999999999991,50.099999996925376
Eunicella verrucosa,-4.070000000000005,50.299999996975664
Eunicella verrucosa,-2.38,50.5999999970493
Eunicella verrucosa,-5.059999999999989,50.59999999704931
Eunicella verrucosa,-4.970000000000001,50.6999999970734
Eunicella verrucosa,-5.079999999999994,50.6999999970734
Eunicella verrucosa,-4.9399999999999995,50.09999999692537
Eunicella verrucosa,-5.049999999999993,50.099999996925376
Eunicella verrucosa,-5.129999999999991,49.99999999689986
Eunicella verrucosa,-4.1699999999999955,50.299999996975664
Eunicella verrucosa,-4.980000000000003,50.59999999704931
Eunicella verrucosa,-3.0399999999999987,50.699999997073405
Eunicella verrucosa,-4.889999999999996,50.59999999704931
Eunicella verrucosa,-2.2599999999999976,50.59999999704931
Eunicella verrucosa,-3.0600000000000023,50.599999997049316
Eunicella verrucosa,-2.8600000000000017,50.6999999970734
Eunicella verrucosa,-2.45,50.59999999704931
Eunicella verrucosa,-4.989999999999997,50.099999996925376
Eunicella verrucosa,-4.339999999999995,50.199999996950666
Eunicella verrucosa,-4.259999999999996,50.199999996950666
Eunicella verrucosa,-4.999999999999993,50.099999996925376
Eunicella verrucosa,-6.269999999999996,49.899999996874165
Eunicella verrucosa,-2.329999999999995,50.59999999704931
Eunicella verrucosa,-4.949999999999993,50.59999999704931
Eunicella verrucosa,-5.059999999999999,50.49999999702501
Eunicella verrucosa,-4.83,50.79999999709735
Eunicella verrucosa,-4.6700000000000035,51.199999997190595
Eunicella verrucosa,-3.530000000000008,50.299999996975664
Eunicella verrucosa,-2.1899999999999973,50.59999999704931
Eunicella verrucosa,-4.919999999999995,50.59999999704931
Eunicella verrucosa,-2.450000000000002,50.499999997025014
Eunicella verrucosa,-6.349999999999994,49.899999996874165
Eunicella verrucosa,-4.250000000000001,50.299999996975664
Eunicella verrucosa,-5.4599999999999955,50.39999999700045
Eunicella verrucosa,-4.769999999999994,50.699999997073405
Eunicella verrucosa,-4.970000000000001,50.59999999704931
Eunicella verrucosa,-2.420000000000002,50.5999999970493
Eunicella verrucosa,-4.959999999999992,50.6999999970734
Eunicella verrucosa,-3.0299999999999994,50.699999997073405
Eunicella verrucosa,-3.799999999999999,50.199999996950666
Eunicella verrucosa,-5.0999999999999925,50.49999999702501
Eunicella verrucosa,-5.1099999999999985,50.49999999702501
Eunicella verrucosa,-5.059999999999989,50.099999996925376
Eunicella verrucosa,-4.310000000000004,50.299999996975664
Eunicella verrucosa,-2.979999999999999,50.6999999970734
Eunicella verrucosa,-4.900000000000012,50.199999996950666
Eunicella verrucosa,-5.03,50.6999999970734
Eunicella verrucosa,-5.243604000000005,51.736069997310054
Eunicella verrucosa,-8.45692799999999,54.567229997842276
Eunicella verrucosa,-8.459000000000003,54.5665099978422
Eunicella verrucosa,-2.171509,49.714509996825804
Eunicella verrucosa,-2.2425720000000022,49.17605999668099
Eunicella verrucosa,-2.2435599999999982,49.176119996680995
Eunicella verrucosa,-2.231950999999998,49.17308999668016
Eunicella verrucosa,-1.8037199999999998,48.88802999660066
Eunicella verrucosa,-2.6922260000000007,48.655303996534236
Eunicella verrucosa,-3.1990899999999987,47.674449996240185
Eunicella verrucosa,-2.7139099999999994,48.664789996537
Eunicella verrucosa,-4.5936900000000005,48.08560999636636
Eunicella verrucosa,-2.906189999999997,47.56903999620721
Eunicella verrucosa,-1.804499999999997,48.86982999659548
Eunicella verrucosa,-2.142219999999995,46.53860999587028
Eunicella verrucosa,-3.210949999999999,47.66121999623606
Eunicella verrucosa,-2.91088,47.56799999620685
Eunicella verrucosa,-3.4810800000000004,48.83652999658608
Eunicella verrucosa,-2.2472499999999993,48.707929996549396
Eunicella verrucosa,-3.646619999999999,48.871379996595955
Eunicella verrucosa,-3.2087899999999903,47.66270999623654
Eunicella verrucosa,-2.916669999999997,47.566009996206226
Eunicella verrucosa,-4.5031999999999925,48.36436999644951
Eunicella verrucosa,-5.131219999999993,48.44687999647376
Eunicella verrucosa,-4.449459999999994,48.210259996403764
Eunicella verrucosa,-3.888040000000004,48.67396999653967
Eunicella verrucosa,-3.477900000000001,47.65075999623277
Eunicella verrucosa,-3.466670000000003,47.64999999623257
Eunicella verrucosa,-3.6235600000000012,48.79473999657417
Eunicella verrucosa,-2.73677,48.65799999653503
Eunicella verrucosa,-3.6085800000000003,48.776679996569044
Eunicella verrucosa,-4.53667,48.15332999638669
Eunicella verrucosa,-3.2082999999999964,47.67139999623926
Eunicella verrucosa,-3.0838399999999973,47.46946999617576
Eunicella verrucosa,-5.141709999999996,48.446609996473654
Eunicella verrucosa,-3.6279100000000026,48.752549996562195
Eunicella verrucosa,-3.4433600000000024,47.650819996232826
Eunicella verrucosa,-4.643439999999995,48.30465999643184
Eunicella verrucosa,-3.9474999999999962,47.73696999625962
Eunicella verrucosa,-3.0453200000000025,47.45777999617205
Eunicella verrucosa,-5.127910000000003,48.43841999647124
Eunicella verrucosa,-2.7594999999999996,48.65627999653454
Eunicella verrucosa,-5.13722,48.4463899964736
Eunicella verrucosa,-3.596909999999994,48.76525999656579
Eunicella verrucosa,-4.841810000000003,48.28558999642619
Eunicella verrucosa,-4.607089999999999,48.242449996413356
Eunicella verrucosa,-1.7726599999999977,48.869199996595306
Eunicella verrucosa,-1.6206999999999954,46.28287999578267
Eunicella verrucosa,-2.6339699999999935,47.3927699961514
Eunicella verrucosa,-3.6180299999999974,48.77782999656935
Eunicella verrucosa,-2.763889999999998,48.655559996534336
Eunicella verrucosa,-4.510359999999993,48.35595999644704
Eunicella verrucosa,-4.410749999999999,48.15427999638698
Eunicella verrucosa,-1.8687299999999987,48.874249996596724
Eunicella verrucosa,-1.3584999999999972,46.23549999576623
Eunicella verrucosa,-1.7714699999999963,49.702469996822686
Eunicella verrucosa,-4.671390000000001,48.24666999641456
Eunicella verrucosa,-4.420330000000001,48.3109999964337
Eunicella verrucosa,-4.368439999999999,47.79054999627621
Eunicella verrucosa,-4.438330000000001,48.21166999640418
Eunicella verrucosa,-5.122220000000004,48.440559996471876
Eunicella verrucosa,-3.888609999999998,48.67721999654062
Eunicella verrucosa,-2.714780000000001,48.63976999652983
Eunicella verrucosa,-2.6236700000000006,47.408459996156374
Eunicella verrucosa,-1.872500000000006,48.87287999659633
Eunicella verrucosa,-3.921390000000001,48.71082999655018
Eunicella verrucosa,-4.012660000000003,47.693189996246055
Eunicella verrucosa,-1.865069999999997,48.87232999659621
Eunicella verrucosa,-4.516670000000004,48.33332999644033
Eunicella verrucosa,-1.8039700000000007,48.86394999659384
Eunicella verrucosa,-3.699999999999999,48.74999999656148
Eunicella verrucosa,-2.719999999999998,48.63077999652722
Eunicella verrucosa,-4.422079999999997,48.15429999638696
Eunicella verrucosa,-3.5204499999999985,47.65097999623284
Eunicella verrucosa,-4.575,48.298249996429966
Eunicella verrucosa,-2.618689999999993,47.40984999615681
Eunicella verrucosa,-4.456159999999998,48.3589299964479
Eunicella verrucosa,-3.027129999999993,47.41161999615741
Eunicella verrucosa,-2.994509999999998,47.39587999615243
Eunicella verrucosa,-3.612590000000004,48.789479996572744
Eunicella verrucosa,-4.181199999999997,47.762349996267496
Eunicella verrucosa,-3.21033,47.65538999623425
Eunicella verrucosa,-1.7531199999999951,48.874139996596696
Eunicella verrucosa,-2.638269999999999,47.30479999612332
Eunicella verrucosa,-4.480579999999996,48.32937999643918
Eunicella verrucosa,-4.386979999999998,47.782309996273625
Eunicella verrucosa,-1.7888899999999939,48.86721999659473
Eunicella verrucosa,-4.363330000000007,47.77638999627184
Eunicella verrucosa,-4.7881100000000005,48.24880999641521
Eunicella verrucosa,-2.8490199999999937,47.56279999620527
Eunicella verrucosa,-4.62134,48.25187999641615
Eunicella verrucosa,-2.8773900000000032,48.7033699965481
Eunicella verrucosa,-4.315779999999995,47.77933999627276
Eunicella verrucosa,-3.491670000000001,47.65499999623415
Eunicella verrucosa,-3.812299999999996,48.72472999655421
Eunicella verrucosa,-3.9001899999999967,48.70449999654839
Eunicella verrucosa,-3.2077799999999934,47.671389996239206
Eunicella verrucosa,-3.785520000000003,48.73221999655636
Eunicella verrucosa,-2.967050000000003,48.84638999658884
Eunicella verrucosa,-4.448949999999994,48.32044999643654
Eunicella verrucosa,-2.139549999999999,48.655279996534226
Eunicella verrucosa,-4.583330000000002,48.33332999644034
Eunicella verrucosa,-3.176549999999996,47.54389999619928
Eunicella verrucosa,-4.507799999999998,48.35691999644727
Eunicella verrucosa,-3.9240499999999927,48.70149999654756
Eunicella verrucosa,-4.518289999999998,48.19651999639959
Eunicella verrucosa,-4.375739999999997,47.78258999627374
Eunicella verrucosa,-3.6085000000000034,48.774369996568396
Eunicella verrucosa,-4.435730000000004,48.20213999640127
Eunicella verrucosa,-5.135119999999998,48.42981999646874
Eunicella verrucosa,-4.680000000000003,48.26999999642152
Eunicella verrucosa,-2.16694,46.62138999589834
Eunicella verrucosa,-4.452119999999997,48.20590999640244
Eunicella verrucosa,-2.1707700000000028,48.63626999652875
Eunicella verrucosa,-1.9083299999999985,49.59332999679386
Eunicella verrucosa,-3.628410000000003,48.76936999656699
Eunicella verrucosa,-3.603859999999993,48.74848999656102
Eunicella verrucosa,-2.888270000000001,48.700639996547324
Eunicella verrucosa,-2.330839999999996,48.68805999654372
Eunicella verrucosa,-4.468789999999997,48.319159996436156
Eunicella verrucosa,-5.135169999999995,48.447309996473905
Eunicella verrucosa,-3.4802600000000004,47.651429996233034
Eunicella verrucosa,-5.142399999999996,48.444899996473154
Eunicella verrucosa,-3.896669999999998,48.68666999654333
Eunicella verrucosa,-3.4823699999999977,47.65956999623557
Eunicella verrucosa,-4.043700000000002,47.719629996254234
Eunicella verrucosa,-2.978279999999992,48.84764999658922
Eunicella verrucosa,-1.7038799999999994,46.093099995716585
Eunicella verrucosa,-3.5376000000000034,47.663079996236675
Eunicella verrucosa,-1.8655199999999967,48.905369996605515
Eunicella verrucosa,-2.341100000000001,46.691999995922075
Eunicella verrucosa,-5.128859999999997,48.44809999647405
Eunicella verrucosa,-4.040980000000001,47.73208999625811
Eunicella verrucosa,-4.329229999999999,47.674849996240305
Eunicella verrucosa,-1.8784000000000067,48.88582999659998
Eunicella verrucosa,-2.138169999999999,48.668699996538145
Eunicella verrucosa,-4.6510400000000045,48.32035999643648
Eunicella verrucosa,-2.275379999999995,48.662029996536226
Eunicella verrucosa,-4.566670000000005,47.91252999631371
Eunicella verrucosa,-2.0710000000000006,48.679999996541426
Eunicella verrucosa,-5.1394,48.44599999647345
Eunicella verrucosa,-2.1646699999999934,48.70149999654756
Eunicella verrucosa,-2.0436999999999994,48.683239996542305
Eunicella verrucosa,-4.536579999999997,48.0901099963677
Eunicella verrucosa,-3.484999999999998,47.653999996233814
Eunicella verrucosa,-4.450660000000003,48.2016799964012
Eunicella verrucosa,-3.950179999999994,47.72093999625467
Eunicella verrucosa,-4.4122499999999985,48.15359999638675
Eunicella verrucosa,-1.7708999999999944,48.91174999660732
Eunicella verrucosa,-3.965859999999999,47.70235999624888
Eunicella verrucosa,-1.658329999999995,49.67160999681457
Eunicella verrucosa,-1.8793299999999977,48.889369996601054
Eunicella verrucosa,-2.6190399999999947,47.40938999615667
Eunicella verrucosa,-2.195210000000002,48.63123999652734
Eunicella verrucosa,-2.0449900000000016,48.68371999654244
Eunicella verrucosa,-1.7353499999999975,48.90129999660439
Eunicella verrucosa,-4.37484,47.79276999627691
Eunicella verrucosa,-4.625929999999994,48.31561999643511
Eunicella verrucosa,-4.529899999999999,48.34357999644335
Eunicella verrucosa,-1.8460000000000067,48.86541999659424
Eunicella verrucosa,-2.2513900000000016,48.70777999654936
Eunicella verrucosa,-4.5085299999999995,48.363729996449294
Eunicella verrucosa,-3.901169999999998,48.6946399965456
Eunicella verrucosa,-2.047170000000002,48.68741999654348
Eunicella verrucosa,-5.135119999999994,48.447879996474036
Eunicella verrucosa,-4.240039999999998,47.78481999627447
Eunicella verrucosa,-4.864899999999997,48.05582999635731
Eunicella verrucosa,-1.6737399999999978,49.68507999681811
Eunicella verrucosa,-2.2268699999999977,48.64949999653261
Eunicella verrucosa,-3.0040299999999993,47.40771999615614
Eunicella verrucosa,-4.241460000000002,47.773649996270976
Eunicella verrucosa,-4.575920000000009,48.33871999644196
Eunicella verrucosa,-4.401060000000001,47.80643999628114
Eunicella verrucosa,-2.190419999999996,48.671039996538816
Eunicella verrucosa,-1.5996799999999964,46.25109999577164
Eunicella verrucosa,-5.121109999999998,48.45027999647477
Eunicella verrucosa,-1.8394199999999983,49.719529996827184
Eunicella verrucosa,-2.637420000000003,48.736559996557574
Eunicella verrucosa,-3.4280999999999966,47.64193999623002
Eunicella verrucosa,-4.533279999999995,48.64122999653022
Eunicella verrucosa,-5.116409999999998,48.44519999647324
Eunicella verrucosa,-4.340479999999998,47.773489996270975
Eunicella verrucosa,-4.044190000000003,47.73060999625765
Eunicella verrucosa,-4.401739999999992,48.30922999643314
Eunicella verrucosa,-4.58097,48.30565999643213
Eunicella verrucosa,-2.391299999999993,48.70151999654757
Eunicella verrucosa,-3.4830999999999945,47.61223999622075
Eunicella verrucosa,-4.349949999999998,47.76773999626915
Eunicella verrucosa,-4.771760000000004,48.4684199964801
Eunicella verrucosa,-2.583159999999995,47.30157999612224
Eunicella verrucosa,-2.8382499999999933,48.665119996537115
Eunicella verrucosa,-4.314279999999992,47.772409996270596
Eunicella verrucosa,-4.224279999999996,47.79164999627652
Eunicella verrucosa,-3.788229999999997,48.72994999655574
Eunicella verrucosa,-2.1455599999999975,48.65471999653409
Eunicella verrucosa,-4.556389999999995,48.35471999644666
Eunicella verrucosa,-2.669629999999998,48.74959999656131
Eunicella verrucosa,-2.652123000000003,48.75524299656291
Eunicella verrucosa,-5.052412000000001,50.04400199691115
Eunicella verrucosa,-5.275539000000005,51.739843997310885
Eunicella verrucosa,-5.281452999999992,51.741477997311264
Eunicella verrucosa,-5.2932159999999975,51.74384699731175
Eunicella verrucosa,-5.282898999999994,51.74143699731123
Eunicella verrucosa,-5.262331999999999,51.73751299731035
Eunicella verrucosa,-5.310369999999999,51.74066599731099
Eunicella verrucosa,-5.291705000000002,51.74298999731158
Eunicella verrucosa,-5.272127999999991,51.732742997309295
Eunicella verrucosa,-5.263324999999995,51.73118999730898
Eunicella verrucosa,-5.237752999999995,51.73819399731056
Eunicella verrucosa,-5.2334149999999955,51.73831299731051
Eunicella verrucosa,-5.281387999999999,51.74057999731106
Eunicella verrucosa,-5.270682999999998,51.732783997309305
Eunicella verrucosa,-5.276400000000002,51.731724997309094
Eunicella verrucosa,-5.270877000000006,51.73547699730994
Eunicella verrucosa,-5.273964000000005,51.73808899731048
Eunicella verrucosa,-5.2720629999999975,51.73184599730911
Eunicella verrucosa,-5.27791100000001,51.7325819973093
Eunicella verrucosa,-5.261878999999995,51.73122999730897
Eunicella verrucosa,-3.2643539999999955,50.565628997041
Eunicella verrucosa,-4.868987999999997,50.5965029970485
Eunicella verrucosa,-4.339585999999997,50.20718899695241
Eunicella verrucosa,-4.9931949999999965,50.571785997042525
Eunicella verrucosa,-4.255828,50.184560996946765
Eunicella verrucosa,-4.165112,50.31580999697955
Eunicella verrucosa,-4.877509000000001,50.597191997048675
Eunicella verrucosa,-3.9481909999999996,50.23240399695875
Eunicella verrucosa,-4.911430000000001,50.59724799704871
Eunicella verrucosa,-4.2724910000000005,50.29936799697547
Eunicella verrucosa,-4.094340999999993,50.30361499697656
Eunicella verrucosa,-3.8298929999999984,50.21903799695542
Eunicella verrucosa,-4.161185999999994,50.32217899698117
Eunicella verrucosa,-4.078827000000001,50.30209499697621
Eunicella verrucosa,-4.1225649999999945,50.30670099697729
Eunicella verrucosa,-6.243553000000005,49.94261899688519
Eunicella verrucosa,-4.106651999999995,50.29619699697469
Eunicella verrucosa,-4.262485999999999,50.177235996944894
Eunicella verrucosa,-3.8323850000000017,50.210903996953355
Eunicella verrucosa,-3.9884179999999962,50.28928599697297
Eunicella verrucosa,-3.766117999999996,50.20023799695069
Eunicella verrucosa,-3.9137379999999986,50.28244599697125
Eunicella verrucosa,-4.7927639999999965,50.21516299695442
Eunicella verrucosa,-4.4852829999999955,50.1789759969454
Eunicella verrucosa,-3.937418,50.24337799696154
Eunicella verrucosa,-4.158726999999999,50.360900996990786
Eunicella verrucosa,-2.800422999999997,50.68485199706983
Eunicella verrucosa,-6.346614,49.87940699686886
Eunicella verrucosa,-2.2055769999999972,50.61008299705183
Eunicella verrucosa,-2.689560999999999,50.65408599706243
Eunicella verrucosa,-2.628568999999994,50.64184099705945
Eunicella verrucosa,-2.2352509999999977,50.60912699705157
Eunicella verrucosa,-2.191429999999995,50.60650999705097
Eunicella verrucosa,-2.1928430000000003,50.60650699705091
Eunicella verrucosa,-2.955361,50.64681399706067
Eunicella verrucosa,-2.5205270000000013,50.59111499704721
Eunicella verrucosa,-2.935327000000002,50.706329997074924
Eunicella verrucosa,-2.808746,50.674902997067406
Eunicella verrucosa,-2.6413209999999974,50.643569997059885
Eunicella verrucosa,-2.461992999999995,50.52841099703196
Eunicella verrucosa,-2.6910149999999944,50.65677499706308
Eunicella verrucosa,-2.7746649999999993,50.66793999706572
Eunicella verrucosa,-2.1914339999999934,50.607408997051074
Eunicella verrucosa,-2.8243270000000003,50.67569299706759
Eunicella verrucosa,-2.1999129999999965,50.60739499705111
Eunicella verrucosa,-5.275084999999994,51.73355999730946
Eunicella verrucosa,-5.266710999999999,51.697815997301724
Eunicella verrucosa,-5.264964999999997,51.733841997309575
Eunicella verrucosa,-5.285791000000005,51.74135599731123
Eunicella verrucosa,-5.311816000000001,51.740624997311066
Eunicella verrucosa,-5.2770499999999965,51.74070099731107
Eunicella verrucosa,-5.285855999999995,51.74225399731135
Eunicella verrucosa,-5.264705999999994,51.73025199730877
Eunicella verrucosa,-5.288747999999998,51.74217299731141
Eunicella verrucosa,-5.277456000000005,51.726298997307936
Eunicella verrucosa,-5.2873019999999995,51.742212997311356
Eunicella verrucosa,-5.269924,51.70222299730271
Eunicella verrucosa,-5.299130999999998,51.74547899731212
Eunicella verrucosa,-5.273639000000007,51.73360099730954
Eunicella verrucosa,-5.28803,51.73229899730925
Eunicella verrucosa,-5.234861000000004,51.73827299731051
Eunicella verrucosa,-5.277846000000001,51.73168399730907
Eunicella verrucosa,-5.276985,51.73980399731085
Eunicella verrucosa,-5.157485999999994,51.68821299729964
Eunicella verrucosa,-5.299398999999996,51.729281997308576
Eunicella verrucosa,-5.263778000000001,51.73747299731036
Eunicella verrucosa,-5.265783999999997,51.70503699730331
Eunicella verrucosa,-5.266216000000007,51.73110899730896
Eunicella verrucosa,-5.263453999999996,51.73298499730941
Eunicella verrucosa,-5.264899999999997,51.73294499730936
Eunicella verrucosa,-5.3089900000000005,51.74160399731123
Eunicella verrucosa,-5.272648000000011,51.73992499731091
Eunicella verrucosa,-5.287900000000004,51.73050399730887
Eunicella verrucosa,-5.263260000000002,51.7302919973088
Eunicella verrucosa,-5.310435999999999,51.74156299731125
Eunicella verrucosa,-5.287834999999989,51.729605997308624
Eunicella verrucosa,-5.274889999999998,51.73086699730894
Eunicella verrucosa,-5.287237,51.74131599731117
Eunicella verrucosa,-5.272582999999998,51.73902699731068
Eunicella verrucosa,-5.185413999999996,51.674820997296706
Eunicella verrucosa,-4.140000000000007,50.299999996975664
Eunicella verrucosa,-3.9799999999999955,50.19999999695067
Eunicella verrucosa,-2.8000000000000025,50.699999997073405
Eunicella verrucosa,-2.909999999999997,50.6999999970734
Eunicella verrucosa,-4.659999999999998,51.199999997190595
Eunicella verrucosa,-4.130000000000001,50.299999996975664
Eunicella verrucosa,-3.94,50.199999996950666
Eunicella verrucosa,-3.849999999999999,50.19999999695066
Eunicella verrucosa,-3.899999999999996,50.19999999695067
Eunicella verrucosa,-4.668613999999994,51.198495997190285
Eunicella verrucosa,-2.2900000000000005,50.59999999704931
Eunicella verrucosa,-6.260000000000001,49.99999999689985
Eunicella verrucosa,-5.0599999999999925,49.99999999689985
Eunicella verrucosa,-2.9399999999999986,50.59999999704931
Eunicella verrucosa,-2.849999999999996,50.6999999970734
Eunicella verrucosa,-4.389999999999999,50.299999996975664
Eunicella verrucosa,-6.260000000000003,49.899999996874165
Eunicella verrucosa,-2.770000000000001,50.699999997073405
Eunicella verrucosa,-6.279999999999996,49.899999996874165
Eunicella verrucosa,-4.000000000000005,50.29999999697566
Eunicella verrucosa,-5.5237739999999915,50.09001099692284
Eunicella verrucosa,-4.02,50.299999996975664
Eunicella verrucosa,-6.2999999999999945,49.899999996874165
Eunicella verrucosa,-6.289999999999996,49.899999996874165
Eunicella verrucosa,-2.8299999999999987,50.6999999970734
Eunicella verrucosa,-2.8899999999999966,50.699999997073405
Eunicella verrucosa,-4.68,51.199999997190595
Eunicella verrucosa,-4.079999999999997,50.29999999697568
Eunicella verrucosa,-3.640000000000004,50.199999996950666
Eunicella verrucosa,-2.9300000000000006,50.6999999970734
Eunicella verrucosa,-2.1999999999999966,50.59999999704931
Eunicella verrucosa,-1.8600000000000003,50.6999999970734
Eunicella verrucosa,-3.9400000000000044,50.299999996975664
Eunicella verrucosa,-4.939999999999997,50.199999996950666
Eunicella verrucosa,-5.0500000000000025,50.49999999702501
Eunicella verrucosa,-2.2099999999999977,50.59999999704931
Eunicella verrucosa,-2.839999999999998,50.699999997073405
Eunicella verrucosa,-6.240000000000001,49.99999999689986
Eunicella verrucosa,-5.569999999999996,49.99999999689985
Eunicella verrucosa,-2.320000000000005,50.59999999704931
Eunicella verrucosa,-6.339999999999998,49.899999996874165
Eunicella verrucosa,-4.662429000000003,51.190542997188416
Eunicella verrucosa,-5.630000000000002,49.99999999689985
Eunicella verrucosa,-6.329999999999999,49.899999996874165
Eunicella verrucosa,-4.099999999999993,50.299999996975664
Eunicella verrucosa,-2.279999999999998,50.59999999704931
Eunicella verrucosa,-6.379999999999993,49.899999996874165
Eunicella verrucosa,-4.060000000000002,50.299999996975664
Eunicella verrucosa,-4.610000000000001,50.299999996975664
Eunicella verrucosa,-2.820000000000001,50.6999999970734
Eunicella verrucosa,-6.2428259999999955,49.96604099689116
Eunicella verrucosa,-5.6333830000000065,50.0416429969105
Eunicella verrucosa,-4.16,50.29999999697568
Eunicella verrucosa,-2.7600000000000002,50.699999997073405
Eunicella verrucosa,-2.620000000000001,50.5999999970493
Eunicella verrucosa,-3.6500000000000004,50.199999996950666
Eunicella verrucosa,-6.309999999999991,49.899999996874165
Eunicella verrucosa,-3.0900000000000003,50.6999999970734
Eunicella verrucosa,-4.649999999999992,51.19999999719058
Eunicella verrucosa,-3.8399999999999963,50.199999996950666
Eunicella verrucosa,-4.910000000000005,50.199999996950666
Eunicella verrucosa,-2.780000000000005,50.6999999970734
Eunicella verrucosa,-3.869999999999998,50.199999996950666
Eunicella verrucosa,-4.910000000000002,50.599999997049316
Eunicella verrucosa,-6.249999999999995,49.99999999689986
Eunicella verrucosa,-3.5200000000000022,50.299999996975664
Eunicella verrucosa,-4.2099999999999955,50.299999996975664
Eunicella verrucosa,-2.1915059999999995,50.60772399705121
Eunicella verrucosa,-6.300000000000001,49.99999999689987
Eunicella verrucosa,-4.849999999999996,50.59999999704931
Eunicella verrucosa,-2.919999999999998,50.6999999970734
Eunicella verrucosa,-2.7899999999999965,50.6999999970734
Eunicella verrucosa,-6.269999999999996,49.99999999689986
Eunicella verrucosa,-2.459999999999995,50.59999999704931
Eunicella verrucosa,-4.479999999999997,50.199999996950666
Eunicella verrucosa,-2.3100000000000076,50.59999999704931
Eunicella verrucosa,-4.899999999999999,50.59999999704931
Eunicella verrucosa,-5.49,50.099999996925376
Eunicella verrucosa,-3.270000000000003,50.59999999704931
Eunicella verrucosa,-6.250000000000004,49.899999996874165
Eunicella verrucosa,-4.663527,51.159937997181366
Eunicella verrucosa,-6.370000000000006,49.89999999687416
Eunicella verrucosa,-4.489999999999999,50.199999996950666
Eunicella verrucosa,-3.879999999999999,50.19999999695066
Eunicella verrucosa,-2.2699999999999987,50.49999999702501
Eunicella verrucosa,-2.939999999999992,50.699999997073405
Eunicella verrucosa,-4.946480999999997,50.59276799704758
Eunicella verrucosa,-4.260000000000003,50.299999996975664
Eunicella verrucosa,-4.739999999999999,50.29999999697568
Eunicella verrucosa,-2.3000000000000003,50.5999999970493
Eunicella verrucosa,-5.159999999999992,49.99999999689986
Eunicella verrucosa,-3.379999999999998,50.49999999702501
Eunicella verrucosa,-6.319999999999999,49.899999996874165
Eunicella verrucosa,-3.9499999999999993,50.199999996950666
Eunicella verrucosa,-4.17,50.099999996925376
Eunicella verrucosa,-2.8799999999999972,50.6999999970734
Eunicella verrucosa,-5.069999999999998,49.99999999689985
Eunicella verrucosa,-6.239999999999998,49.89999999687416
Eunicella verrucosa,-5.0399999999999965,50.099999996925376
Eunicella verrucosa,-2.6999999999999975,50.59999999704931
Eunicella verrucosa,-2.1799999999999997,50.59999999704931
Eunicella verrucosa,-3.980000000000002,50.29999999697568
Eunicella verrucosa,-2.409999999999993,50.59999999704931
Eunicella verrucosa,-4.9252619999999965,50.592403997047526
Eunicella verrucosa,-2.0899999999999954,50.59999999704931
Eunicella verrucosa,-3.049999999999995,50.59999999704931
Eunicella verrucosa,-4.560000000000001,50.29999999697568
Eunicella verrucosa,-1.8499999999999948,50.6999999970734
Eunicella verrucosa,-2.419999999999996,50.499999997025014
Eunicella verrucosa,-5.08,49.99999999689986
Eunicella verrucosa,-4.769999999999992,50.199999996950666
Eunicella verrucosa,-4.789999999999993,50.199999996950666
Eunicella verrucosa,-6.242193999999991,49.958865996889315
Eunicella verrucosa,-4.799999999999993,50.19999999695067
Eunicella verrucosa,-2.749999999999999,50.699999997073405
Eunicella verrucosa,-3.4900000000000038,50.39999999700045
Eunicella verrucosa,-2.6599999999999953,50.59999999704931
Eunicella verrucosa,-2.9699999999999998,50.59999999704931
Eunicella verrucosa,-4.667133000000006,51.197630997190075
Eunicella verrucosa,-4.929999999999997,50.19999999695066
Eunicella verrucosa,-3.069999999999998,50.599999997049316
Eunicella verrucosa,-3.0299999999999994,50.59999999704931
Eunicella verrucosa,-2.649999999999996,50.599999997049316
Eunicella verrucosa,-4.053104000000002,50.291758996973634
Eunicella verrucosa,-3.8300000000000005,50.19999999695067
Eunicella verrucosa,-3.6599999999999997,50.199999996950666
Eunicella verrucosa,-4.27,50.29999999697568
Eunicella verrucosa,-3.7299999999999955,50.199999996950666
Eunicella verrucosa,-4.180000000000001,50.29999999697568
Eunicella verrucosa,-5.339999999999997,49.99999999689986
Eunicella verrucosa,-3.5799999999999983,50.29999999697568
Eunicella verrucosa,-2.8999999999999977,50.6999999970734
Eunicella verrucosa,-2.5899999999999963,50.59999999704931
Eunicella verrucosa,-6.293170000000001,49.904796996875426
Eunicella verrucosa,-3.7800000000000002,50.199999996950666
Eunicella verrucosa,-3.68,50.199999996950666
Eunicella verrucosa,-2.4599999999999964,50.499999997025014
Eunicella verrucosa,-2.9600000000000004,50.6999999970734
Eunicella verrucosa,-3.5,50.29999999697568
Eunicella verrucosa,-4.979999999999994,50.099999996925376
Eunicella verrucosa,-2.869999999999998,50.6999999970734
Eunicella verrucosa,-2.1699999999999937,50.59999999704931
Eunicella verrucosa,-3.479999999999995,50.39999999700045
Eunicella verrucosa,-5.259999999999999,50.299999996975664
Eunicella verrucosa,-4.659999999999995,50.299999996975664
Eunicella verrucosa,-4.250000000000003,50.19999999695066
Eunicella verrucosa,-4.009999999999999,50.299999996975664
Eunicella verrucosa,-6.334491,49.977042996894006
Eunicella verrucosa,-2.51,50.59999999704931
Eunicella verrucosa,-6.400000000000001,49.89999999687416
Eunicella verrucosa,-4.400000000000005,50.299999996975664
Eunicella verrucosa,-6.280000000000006,49.99999999689986
Eunicella verrucosa,-3.080000000000001,50.6999999970734
Eunicella verrucosa,-4.759999999999995,50.199999996950666
Eunicella verrucosa,-6.249937000000003,49.96757999689155
Eunicella verrucosa,-4.560000000000001,50.99999999714445
Eunicella verrucosa,-1.800000000000004,50.6999999970734
Eunicella verrucosa,-3.4900000000000055,50.499999997025014
Eunicella verrucosa,-4.660896000000001,51.18877899718806
Eunicella verrucosa,-3.4899999999999993,50.29999999697568
Eunicella verrucosa,-6.387187999999989,49.86617699686545
Eunicella verrucosa,-2.5499999999999923,50.49999999702501
Eunicella verrucosa,-4.220000000000003,50.29999999697568
Eunicella verrucosa,-4.667708000000003,51.15804399718101
Eunicella verrucosa,-3.3800000000000012,50.5999999970493
Eunicella verrucosa,-3.7200000000000055,50.19999999695067
Eunicella verrucosa,-6.359999999999997,49.89999999687418
Eunicella verrucosa,-6.360000000000004,49.99999999689985
Eunicella verrucosa,-2.99,50.699999997073405
Eunicella verrucosa,-4.689999999999996,50.79999999709736
Eunicella verrucosa,-5.540000000000001,50.099999996925376
Eunicella verrucosa,-2.1399999999999957,50.59999999704931
Eunicella verrucosa,-5.090000000000003,49.99999999689985
Eunicella verrucosa,-3.889999999999995,50.19999999695067
Eunicella verrucosa,-5.070000000000001,50.59999999704931
Eunicella verrucosa,-3.96,50.29999999697568
Eunicella verrucosa,-4.929999999999997,50.099999996925376
Eunicella verrucosa,-4.111337999999998,50.30690499697733
Eunicella verrucosa,-3.739999999999998,50.199999996950666
Eunicella verrucosa,-2.1916420000000016,50.60646399705091
Eunicella verrucosa,-5.09,50.499999997025014
Eunicella verrucosa,-2.609999999999998,50.599999997049316
Eunicella verrucosa,-5.08,50.499999997025014
Eunicella verrucosa,-5.159999999999992,50.39999999700046
Eunicella verrucosa,-3.710000000000003,50.199999996950666
Eunicella verrucosa,-4.090000000000005,50.299999996975664
Eunicella verrucosa,-4.667287999999993,51.20032599719066
Eunicella verrucosa,-2.249999999999992,50.59999999704931
Eunicella verrucosa,-5.509999999999999,49.99999999689986
Eunicella verrucosa,-6.309999999999997,49.99999999689986
Eunicella verrucosa,-2.4099999999999997,50.499999997025014
Eunicella verrucosa,-3.929999999999999,50.199999996950666
Eunicella verrucosa,-5.519999999999999,50.099999996925376
Eunicella verrucosa,-4.779999999999997,50.199999996950666
Eunicella verrucosa,-4.679968999999995,51.17215399718422
Eunicella verrucosa,-2.2299999999999995,50.59999999704931
Eunicella verrucosa,-2.519999999999991,50.59999999704931
Eunicella verrucosa,-4.940000000000006,50.5999999970493
Eunicella verrucosa,-3.369999999999997,50.49999999702501
Eunicella verrucosa,-3.670000000000001,50.199999996950666
Eunicella verrucosa,-5.600000000000003,49.99999999689986
Eunicella verrucosa,-5.260226000000002,50.31771899698005
Eunicella verrucosa,-2.549999999999997,50.59999999704931
Eunicella verrucosa,-4.149120999999994,50.33499499698434
Eunicella verrucosa,-3.429999999999998,50.59999999704931
Eunicella verrucosa,-4.689999999999996,51.199999997190595
Eunicella verrucosa,-2.5699999999999976,50.599999997049316
Eunicella verrucosa,-4.949999999999993,50.099999996925376
Eunicella verrucosa,-4.670564999999995,51.15797899718097
Eunicella verrucosa,-4.749999999999992,50.199999996950666
Eunicella verrucosa,-5.2854980000000005,51.741569997311245
Eunicella verrucosa,-5.250602999999992,51.73790999731042
Eunicella verrucosa,-5.100759999999998,51.977949997361925
Eunicella verrucosa,-5.265853,51.741419997311205
Eunicella verrucosa,-5.315690999999992,51.8592599973366
Eunicella verrucosa,-6.4600000000000035,49.899999996874165
Eunicella verrucosa,-6.389999999999995,49.89999999687416
Eunicella verrucosa,-4.680803000000001,51.18652499718747
Eunicella verrucosa,-5.133996,51.971629997360594
Eunicella verrucosa,-5.282598000000004,51.74135999731122
Eunicella verrucosa,-5.281488000000003,51.70104999730247
Eunicella verrucosa,-5.280646999999998,51.74124999731118
Eunicella verrucosa,-5.177381999999999,51.77511999731848
Eunicella verrucosa,-5.104068999999997,51.97719999736173
Eunicella verrucosa,-5.1397739999999965,51.97237999736077
Eunicella verrucosa,-5.281443999999998,51.74940999731293
Eunicella verrucosa,-5.308077,51.741419997311205
Eunicella verrucosa,-5.262268000000007,51.736615997310174
Eunicella verrucosa,-5.263978999999995,51.69824999730183
Eunicella verrucosa,-5.224802999999998,51.714989997305494
Eunicella verrucosa,-1.9399999999999922,50.59999999704931
Eunicella verrucosa,-4.09,50.19999999695066
Eunicella verrucosa,-5.309186000000002,51.74151999731118
Eunicella verrucosa,-5.2716030000000105,51.738569997310584
Eunicella verrucosa,-5.305017999999997,51.73068999730884
Eunicella verrucosa,-5.238493999999993,51.7375499973104
Eunicella verrucosa,-5.278318999999992,51.73068999730886
Eunicella verrucosa,-5.281788999999991,51.74136999731119
Eunicella verrucosa,-5.260745999999994,51.69406999730092
Eunicella verrucosa,-5.1780370000000024,51.77490299731844
Eunicella verrucosa,-5.266461,51.702469997302764
Eunicella verrucosa,-5.202903000000003,51.75628999731445
Eunicella verrucosa,-4.147675999999996,50.33412199698415
Eunicella verrucosa,-5.264812999999997,51.69840999730184
Eunicella verrucosa,-5.589999999999997,49.99999999689986
Eunicella verrucosa,-5.275964999999994,51.73938999731077
Eunicella verrucosa,-5.309250000000004,51.85939999733667
Eunicella verrucosa,-5.266452999999987,51.74170999731129
Eunicella verrucosa,-5.284442000000005,51.741399997311206
Eunicella verrucosa,-5.253978000000001,51.69692999730155
Eunicella verrucosa,-5.264018000000005,51.705519997303405
Eunicella verrucosa,-5.291769999999999,51.74388699731175
Eunicella verrucosa,-5.1608410000000005,51.6705999972958
Eunicella verrucosa,-5.3076420000000075,51.74081999731102
Eunicella verrucosa,-5.244172999999996,51.736319997310126
Eunicella verrucosa,-5.156774,51.669939997295685
Eunicella verrucosa,-5.263004999999998,51.73748999731037
Eunicella verrucosa,-5.244440999999997,51.73722999731033
Eunicella verrucosa,-5.313262,51.74058399731102
Eunicella verrucosa,-5.253066999999993,51.69697999730154
Eunicella verrucosa,-5.045495999999995,50.04508299691137
Eunicella verrucosa,-5.262989999999996,51.73728999731031
Eunicella verrucosa,-5.3075470000000005,51.85934999733662
Eunicella verrucosa,-5.159169000000005,51.66985999729564
Eunicella verrucosa,-5.3083759999999955,51.85916999733661
Eunicella verrucosa,-5.306710000000002,51.8602199973368
Eunicella verrucosa,-5.2853260000000075,51.74140999731122
Eunicella verrucosa,-5.154879000000004,51.66932999729551
Eunicella verrucosa,-5.155500000000004,51.670149997295724
Eunicella verrucosa,-5.256331000000001,51.69738999730163
Eunicella verrucosa,-4.1570569999999964,50.32405499698162
Eunicella verrucosa,-5.250344999999999,51.696499997301444
Eunicella verrucosa,-5.226974000000001,51.71379999730523
Eunicella verrucosa,-5.307642999999995,51.74063999731103
Eunicella verrucosa,-5.253989,51.69692999730155
Eunicella verrucosa,-5.124773999999998,51.96362999735887
Eunicella verrucosa,-4.947891999999994,50.592731997047586
Eunicella verrucosa,-4.820000000000004,50.899999997120986
Eunicella verrucosa,-5.245046999999998,51.73889199731069
Eunicella verrucosa,-5.268479999999993,51.694409997301044
Eunicella verrucosa,-2.15,50.59999999704931
Eunicella verrucosa,-2.407065000000005,50.539406997034646
Eunicella verrucosa,-2.2700000000000005,50.5999999970493
Eunicella verrucosa,-4.147717,50.335020996984376
Eunicella verrucosa,-5.093033999999993,51.99442999736538
Eunicella verrucosa,-5.312998999999997,51.73699399731025
Eunicella verrucosa,-5.203616999999995,51.71567999730558
Eunicella verrucosa,-5.262655999999999,51.73123999730901
Eunicella verrucosa,-5.232307999999998,51.73791999731045
Eunicella verrucosa,-5.227437000000003,51.71373999730522
Eunicella verrucosa,-5.262932999999993,51.737499997310366
Eunicella verrucosa,-8.460446999999993,54.566439997842174
Eunicella verrucosa,-5.237168999999993,51.73705999731026
Eunicella verrucosa,-5.280148000000004,51.74112999731118
Eunicella verrucosa,-8.457963999999993,54.56720999784224
Eunicella verrucosa,-5.283414000000005,51.74139999731119
Eunicella verrucosa,-8.444364000000014,54.4709099978267
Eunicella verrucosa,-5.1040430000000026,51.97717999736173
Eunicella verrucosa,-5.285918999999995,51.741579997311256
Eunicella verrucosa,-8.451999999999998,54.587459997845556
Eunicella verrucosa,-8.44330599999999,54.47135999782681
Eunicella verrucosa,-6.847257000000002,52.09215999738593
Eunicella verrucosa,-2.1892429999999923,50.60736699705111
Eunicella verrucosa,-4.679320999999996,51.18565999718733
Eunicella verrucosa,-8.442626,54.471559997826795
Eunicella verrucosa,-8.443655000000003,54.46837999782631
Eunicella verrucosa,-9.597649000000006,53.10375999758708
Eunicella verrucosa,-4.620000000000004,50.29999999697568
Eunicella verrucosa,-8.458491999999998,54.56604999784214
Eunicella verrucosa,-4.999999999999999,50.599999997049316
Eunicella verrucosa,-8.455438999999997,54.4768999978277
Eunicella verrucosa,-9.490738,53.04705999757634
Eunicella verrucosa,-5.282124999999991,51.741419997311205
Eunicella verrucosa,-9.582564,53.071389997580994
Eunicella verrucosa,-5.276685999999994,51.70371999730307
Eunicella verrucosa,-5.281258999999995,51.74106999731115
Eunicella verrucosa,-9.464946999999988,53.11461999758915
Eunicella verrucosa,-8.458279999999997,54.56655999784221
Eunicella verrucosa,-8.453502,54.472179997826935
Eunicella verrucosa,-9.770140999999995,54.33649999780466
Eunicella verrucosa,-8.458925000000002,54.573269997843255
Eunicella verrucosa,-5.206482,51.697579997301666
Eunicella verrucosa,-5.121361000000001,51.961700997358456
Eunicella verrucosa,-5.271112,51.737399997310355
Eunicella verrucosa,-8.246941999999999,54.53542999783722
Eunicella verrucosa,-8.438987999999998,54.61584999785007
Eunicella verrucosa,-8.459135000000002,54.567084997842244
Eunicella verrucosa,-3.7900000000000045,50.199999996950666
Eunicella verrucosa,-2.4699999999999944,50.499999997025014
Eunicella verrucosa,-5.060723000000001,50.04288299691085
Eunicella verrucosa,-5.009999999999995,50.59999999704931
Eunicella verrucosa,-8.459284999999994,54.566439997842174
Eunicella verrucosa,-9.649195999999998,52.70970999751123
Eunicella verrucosa,-8.445596000000007,54.472639997826995
Eunicella verrucosa,-5.262969000000005,51.69879999730194
Eunicella verrucosa,-5.282973999999995,51.741329997311226
Eunicella verrucosa,-5.274934999999996,51.73956999731082
Eunicella verrucosa,-5.281439999999998,51.74954999731298
Eunicella verrucosa,-8.472979999999993,54.6035099978481
Eunicella verrucosa,-8.454380999999993,54.612609997849574
Eunicella verrucosa,-5.141623999999999,51.96453999735905
Eunicella verrucosa,-5.260238999999996,51.69767999730169
Eunicella verrucosa,-8.459792999999996,54.56632999784214
Eunicella verrucosa,-8.460794999999997,54.56775999784237
Eunicella verrucosa,-9.674029999999998,52.68486999750635
Eunicella verrucosa,-8.445335999999994,54.471199997826794
Eunicella verrucosa,-9.607845000000001,52.742039997517544
Eunicella verrucosa,-5.244190000000006,51.73636999731013
Eunicella verrucosa,-5.275436999999998,51.739909997310896
Eunicella verrucosa,-5.277277,51.69205999730048
Eunicella verrucosa,-8.43864399999999,54.46680999782607
Eunicella verrucosa,-8.457882000000003,54.567179997842295
Eunicella verrucosa,-8.251094000000004,54.533919997836875
Eunicella verrucosa,-9.607981000000006,52.74357999751791
Eunicella verrucosa,-9.164562999999998,53.15008999759579
Eunicella verrucosa,-8.458491000000004,54.54991999783949
Eunicella verrucosa,-9.652529,52.70840999751097
Eunicella verrucosa,-5.262433999999999,51.700019997302206
Eunicella verrucosa,-5.250684999999998,51.69666999730151
Eunicella verrucosa,-5.310768999999999,51.859499997336655
Eunicella verrucosa,-5.281347999999994,51.73029999730879
Eunicella verrucosa,-5.124518,51.96521499735921
Eunicella verrucosa,-6.850015000000001,52.08970999738546
Eunicella verrucosa,-9.828257,51.77527999731857
Eunicella verrucosa,-8.459943999999998,54.56746999784232
Eunicella verrucosa,-7.0700979999999936,52.09166999738587
Eunicella verrucosa,-8.458824999999994,54.565989997842124
Eunicella verrucosa,-5.303681999999998,51.73123999730902
Eunicella verrucosa,-5.29972099999999,51.8568299973361
Eunicella verrucosa,-5.2700990000000045,51.72470499730759
Eunicella verrucosa,-5.228986999999993,51.716848997305924
Eunicella verrucosa,-5.271802999999993,51.738739997310624
Eunicella verrucosa,-5.281554000000003,51.70076999730234
Eunicella verrucosa,-5.237817000000001,51.7390909973107
Eunicella verrucosa,-9.599237000000004,51.405409997237136
Eunicella verrucosa,-10.123810000000006,51.74095999731114
Eunicella verrucosa,-9.162516999999996,53.150569997595866
Eunicella verrucosa,-8.460771999999997,54.56838999784248
Eunicella verrucosa,-2.345795000000003,49.41514999674612
Eunicella verrucosa,-2.163998999999996,49.28733999671151
Eunicella verrucosa,-2.373368999999998,49.71950999682719
Eunicella verrucosa,-2.1811889999999954,49.73346999683083
Eunicella verrucosa,-2.6357510000000004,49.408989996744474
Eunicella verrucosa,-2.0790489999999955,49.019939996637696
Eunicella verrucosa,-2.0182639999999945,48.896939996603145
Eunicella verrucosa,-2.359045999999995,49.44737999675482
Eunicella verrucosa,-2.0155270000000023,48.893419996602184
Eunicella verrucosa,-2.384555999999995,49.406649996743866
Eunicella verrucosa,-2.357464999999998,49.400629996742225
Eunicella verrucosa,-2.1977799999999954,49.285129996710836
Eunicella verrucosa,-2.3653869999999997,49.40014999674209
Eunicella verrucosa,-2.1290760000000035,49.26434999670522
Eunicella verrucosa,-2.357703999999997,49.40137999674245
Eunicella verrucosa,-2.496790999999999,49.43850999675244
Eunicella verrucosa,-2.0164409999999955,48.89410999660231
Eunicella verrucosa,-2.069601,49.25791999670342
Eunicella verrucosa,-2.343836999999996,49.44679999675468
Eunicella verrucosa,-2.3570540000000015,49.40097999674231
Eunicella verrucosa,-2.2802499999999957,49.243839996699556
Eunicella verrucosa,-2.3428699999999973,49.40708999674395
Eunicella verrucosa,-2.4826669999999984,49.44006999675286
Eunicella verrucosa,-2.525252999999994,49.429699996750074
Eunicella verrucosa,-2.0070819999999956,48.894419996602444
Eunicella verrucosa,-2.369429000000001,49.4447499967541
Eunicella verrucosa,-2.4663530000000025,49.44938999675535
Eunicella verrucosa,-2.208685000000002,49.694339996820574
Eunicella verrucosa,-2.357054999999999,49.40114999674235
Eunicella verrucosa,-2.3693179999999963,49.44460999675409
Eunicella verrucosa,-2.180941999999997,49.004779996633474
Eunicella verrucosa,-2.367894,49.399979996742076
Eunicella verrucosa,-2.3453989999999973,49.447139996754736
Eunicella verrucosa,-1.9195280000000006,49.13844999667055
Eunicella verrucosa,-2.519338999999997,49.450899996755794
Eunicella verrucosa,-2.1975469999999917,49.28522999671091
Eunicella verrucosa,-2.3667019999999925,49.399109996741835
Eunicella verrucosa,-2.496445999999995,49.43841999675243
Eunicella verrucosa,-2.0138759999999993,48.894519996602476
Eunicella verrucosa,-2.3647689999999955,49.400469996742174
Eunicella verrucosa,-2.188714999999999,49.28430999671066
Eunicella verrucosa,-2.4845579999999967,49.512919996772396
Eunicella verrucosa,-2.4737319999999974,49.437649996752235
Eunicella verrucosa,-2.364868999999995,49.400919996742296
Eunicella verrucosa,-2.1864480000000013,49.29583999671378
Eunicella verrucosa,-2.5237350000000016,49.430979996750374
Eunicella verrucosa,-2.4164669999999986,49.52190999677483
Eunicella verrucosa,-2.2160620000000013,49.15729999667578
Eunicella verrucosa,-2.175102999999992,49.71288999682543
Eunicella verrucosa,-2.186421000000003,49.29603999671386
Eunicella verrucosa,-2.1664339999999997,49.08286999665517
Eunicella verrucosa,-2.0011729999999974,48.891739996601636
Eunicella verrucosa,-2.369652,49.39914999674183
Eunicella verrucosa,-2.2162210000000004,49.15595999667542
Eunicella verrucosa,-2.5945709999999997,49.414659996746025
Eunicella verrucosa,-2.364136999999998,49.45289999675629
Eunicella verrucosa,-2.385889000000005,49.43770999675222
Eunicella verrucosa,-2.5253139999999985,49.42903999674989
Eunicella verrucosa,-2.5232329999999967,49.435649996751664
Eunicella verrucosa,-2.393432000000001,49.4254199967489
Eunicella verrucosa,-2.0725469999999935,49.26101999670431
Eunicella verrucosa,-1.9488079999999968,49.01944999663755
Eunicella verrucosa,-2.3640030000000007,49.40133999674242
Eunicella verrucosa,-2.1743189999999997,49.13261999666903
Eunicella verrucosa,-2.3739209999999957,49.72273999682804
Eunicella verrucosa,-2.233670999999997,48.98145999662687
Eunicella verrucosa,-2.367392000000003,49.39914999674182
Eunicella verrucosa,-1.9128509999999983,49.279129996709194
Eunicella verrucosa,-2.642906999999995,49.41532999674622
Eunicella verrucosa,-2.5247410000000006,49.42181999674796
Eunicella verrucosa,-2.6539029999999992,49.489489996766174
Eunicella verrucosa,-2.1811300000000005,49.0831599966553
Eunicella verrucosa,-2.039456999999997,48.97788999662591
Eunicella verrucosa,-2.5249949999999997,49.43788999675227
Eunicella verrucosa,-2.012391999999998,49.292739996712996
Eunicella verrucosa,-2.436208000000002,49.4979799967684
Eunicella verrucosa,-2.364773999999996,49.401119996742345
Eunicella verrucosa,-2.3454799999999962,49.44687999675468
Eunicella verrucosa,-1.9482120000000003,49.02027999663776
Eunicella verrucosa,-2.020099,48.963979996621994
Eunicella verrucosa,-1.9278640000000011,49.15806999667602
Eunicella verrucosa,-2.0783229999999953,49.26249999670467
Eunicella verrucosa,-2.0139859999999903,48.89477999660253
Eunicella verrucosa,-2.4360559999999976,49.49798999676841
Eunicella verrucosa,-2.3939650000000032,49.42481999674874
Eunicella verrucosa,-2.3637520000000056,49.40096999674233
Eunicella verrucosa,-1.864045999999997,48.90468999660535
Eunicella verrucosa,-2.28014,49.24375999669955
Eunicella verrucosa,-2.3747240000000045,49.3990299967418
Eunicella verrucosa,-2.357134999999994,49.400759996742316
Eunicella verrucosa,-2.4820689999999987,49.44098999675312
Eunicella verrucosa,-2.368184999999999,49.44438999675402
Eunicella verrucosa,-2.228102999999997,49.689339996819214
Eunicella verrucosa,-2.4250939999999916,49.51765999677366
Eunicella verrucosa,-2.345233999999997,49.44726999675482
Eunicella verrucosa,-2.352095,49.415039996746145
Eunicella verrucosa,-2.485810000000001,49.47215999676146
Eunicella verrucosa,-2.151612,49.02812999663995
Eunicella verrucosa,-2.192052000000002,49.283299996710355
Eunicella verrucosa,-2.4162109999999974,49.522659996775026
Eunicella verrucosa,-2.4624279999999996,49.44725999675482
Eunicella verrucosa,-2.3446180000000023,49.049139996645806
Eunicella verrucosa,-2.357207999999998,49.40130999674246
Eunicella verrucosa,-2.3572989999999954,49.4005999967422
Eunicella verrucosa,-2.1290760000000004,49.264419996705215
Eunicella verrucosa,-2.189262999999998,49.172309996679964
Eunicella verrucosa,-2.3642039999999973,49.40051999674218
Eunicella verrucosa,-2.1970480000000006,49.28429999671064
Eunicella verrucosa,-2.5398590000000003,49.41840999674699
Eunicella verrucosa,-2.617578999999995,49.41431999674591
Eunicella verrucosa,-2.1972450000000032,49.28534999671092
Eunicella verrucosa,-2.016442000000001,48.89650999660301
Eunicella verrucosa,-2.1862279999999963,49.29601999671382
Eunicella verrucosa,-2.345333999999993,49.44768999675493
Eunicella verrucosa,-2.2533580000000035,49.02009999663775
Eunicella verrucosa,-2.014565000000001,49.29234999671282
Eunicella verrucosa,-2.2423760000000046,49.175359996680776
Eunicella verrucosa,-2.280593999999998,49.24379999669957
Eunicella verrucosa,-2.4968860000000013,49.43833999675239
Eunicella verrucosa,-2.229120999999997,49.17370999668034
Eunicella verrucosa,-2.3298969999999994,49.43581999675173
Eunicella verrucosa,-2.17491,49.713209996825476
Eunicella verrucosa,-2.367214999999993,49.399479996741924
Eunicella verrucosa,-2.540068000000001,49.417319996746755
Eunicella verrucosa,-2.239714000000002,49.73833999683213
Eunicella verrucosa,-2.345466000000003,49.446879996754674
Eunicella verrucosa,-2.1755020000000003,49.13764999667036
Eunicella verrucosa,-2.1723019999999997,49.715079996825956
Eunicella verrucosa,-1.9489079999999994,49.275479996708214
Eunicella verrucosa,-2.3734439999999988,49.44021999675287
Eunicella verrucosa,-2.016795999999993,48.89387999660227
Eunicella verrucosa,-2.200475000000005,49.72860999682953
Eunicella verrucosa,-2.239590999999996,49.17537999668078
Eunicella verrucosa,-2.199393999999999,49.170139996679325
Eunicella verrucosa,-2.2751669999999957,49.7366299968317
Eunicella verrucosa,-2.1912000000000016,49.28347999671044
Eunicella verrucosa,-2.3687160000000014,49.39934999674188
Eunicella verrucosa,-2.574573999999997,49.41665999674656
Eunicella verrucosa,-2.2391539999999983,49.175849996680874
Eunicella verrucosa,-2.228475999999998,49.172359996679944
Eunicella verrucosa,-2.086207000000007,49.13319999666917
Eunicella verrucosa,-2.220230999999996,48.95248999661881
Eunicella verrucosa,-2.2397249999999995,49.73767999683191
Eunicella verrucosa,-2.0140399999999943,48.894779996602544
Eunicella verrucosa,-2.3943109999999987,49.424969996748786
Eunicella verrucosa,-2.522404999999997,49.43821999675238
Eunicella verrucosa,-1.8028779999999973,48.8634599965937
Eunicella verrucosa,-2.069629000000001,49.25829999670355
Eunicella verrucosa,-2.1906909999999975,49.00090999663236
Eunicella verrucosa,-2.520406000000005,49.43964999675277
Eunicella verrucosa,-2.368240999999998,49.44446999675406
Eunicella verrucosa,-2.4827229999999942,49.440159996752854
Eunicella verrucosa,-2.2280760000000015,49.689339996819214
Eunicella verrucosa,-2.166571999999995,49.083169996655286
Eunicella verrucosa,-3.3736450000000016,50.48794599702205
Eunicella verrucosa,-5.0022290000000025,50.1127809969286
Eunicella verrucosa,-8.460681000000008,54.56707899784227
Eunicella verrucosa,-2.700635999999993,50.63783299705851
Eunicella verrucosa,-4.262613999999995,50.179931996945584
Eunicella verrucosa,-4.660689,51.18518599718724
Eunicella verrucosa,-4.132306999999996,50.304723996976826
Eunicella verrucosa,-4.168789999999996,50.30404799697668
Eunicella verrucosa,-5.0520439999999995,50.06020399691526
Eunicella verrucosa,-2.8357119999999973,50.67920899706849
Eunicella verrucosa,-4.252763000000001,50.32763599698251
Eunicella verrucosa,-5.225537,50.333485996983974
Eunicella verrucosa,-5.039803999999995,50.043433996911006
Eunicella verrucosa,-4.245701999999998,50.32687299698234
Eunicella verrucosa,-6.348244000000004,49.882044996869546
Eunicella verrucosa,-2.265956999999998,50.540714997034954
Eunicella verrucosa,-3.941599999999997,50.20822999695268
Eunicella verrucosa,-4.108373000000001,50.30336199697645
Eunicella verrucosa,-3.9685919999999997,50.28512699697197
Eunicella verrucosa,-4.020683999999999,50.288729996972855
Eunicella verrucosa,-5.631852999999997,50.03989199691008
Eunicella verrucosa,-2.800086999999995,50.66506999706503
Eunicella verrucosa,-4.660948000000006,51.18967699718824
Eunicella verrucosa,-5.410964999999998,49.998020996899406
Eunicella verrucosa,-2.8804919999999914,50.651899997061875
Eunicella verrucosa,-3.982885999999992,50.223721996956606
Eunicella verrucosa,-4.143047999999994,50.29373299697407
Eunicella verrucosa,-3.9671889999999994,50.28515099697196
Eunicella verrucosa,-4.111138999999991,50.302411996976275
Eunicella verrucosa,-5.040031000000002,50.04702599691192
Eunicella verrucosa,-6.2737690000000015,49.92171199687979
Eunicella verrucosa,-4.659363999999993,51.187014997187646
Eunicella verrucosa,-5.038692999999997,50.04796099691214
Eunicella verrucosa,-2.2055850000000006,50.611880997052204
Eunicella verrucosa,-2.2070059999999976,50.61367699705268
Eunicella verrucosa,-3.5307619999999975,50.333090996983884
Eunicella verrucosa,-3.047099999999994,50.63793199705851
Eunicella verrucosa,-2.4618609999999936,50.51492199702868
Eunicella verrucosa,-5.052100999999999,50.061101996915454
Eunicella verrucosa,-5.080653999999995,50.418378997005
Eunicella verrucosa,-5.075022999999993,50.44011799701033
Eunicella verrucosa,-5.4910700000000014,50.101795996925816
Eunicella verrucosa,-3.029465999999998,50.67226199706681
Eunicella verrucosa,-5.040088000000007,50.047923996912154
Eunicella verrucosa,-4.659259999999995,51.18521899718721
Eunicella verrucosa,-2.801761999999996,50.68034699706877
Eunicella verrucosa,-5.510528000000001,50.04272999691078
Eunicella verrucosa,-4.682982999999995,51.174782997184856
Eunicella verrucosa,-2.9624309999999947,50.64675599706069
Eunicella verrucosa,-4.6844119999999965,51.174749997184804
Eunicella verrucosa,-5.040145000000003,50.048821996912324
Eunicella verrucosa,-2.089646999999993,50.587747997046314
Eunicella verrucosa,-4.173993,50.294956996974406
Eunicella verrucosa,-5.279877000000004,51.73972299731082
Eunicella verrucosa,-4.122485000000001,50.3049039969769
Eunicella verrucosa,-4.111178999999998,50.3033109969765
Eunicella verrucosa,-3.532108000000005,50.33127499698342
Eunicella verrucosa,-5.040201,50.04971999691259
Eunicella verrucosa,-5.041254999999994,50.04429499691119
Eunicella verrucosa,-6.339996999999999,49.88325399686987
Eunicella verrucosa,-4.684464000000005,51.175648997185064
Eunicella verrucosa,-4.271095999999996,50.18156499694602
Eunicella verrucosa,-4.060195999999998,50.29343199697404
Eunicella verrucosa,-4.682825999999998,51.17208799718421
Eunicella verrucosa,-9.607979,52.74128899751744
Eunicella verrucosa,-4.309087000000001,50.33012799698314
Eunicella verrucosa,-2.779341999999997,50.69398799707205
Eunicella verrucosa,-4.338229999999994,50.20811599695269
Eunicella verrucosa,-5.057647999999989,50.03846599690973
Eunicella verrucosa,-3.8987529999999953,50.223328996956475
Eunicella verrucosa,-2.8268890000000035,50.660386997063924
Eunicella verrucosa,-5.050155000000001,50.469558997017586
Eunicella verrucosa,-5.047288999999995,50.05133299691301
Eunicella verrucosa,-1.7968379999999948,50.681130997068934
Eunicella verrucosa,-6.274086999999996,49.92529899688071
Eunicella verrucosa,-4.111099000000001,50.301512996976
Eunicella verrucosa,-4.667080999999998,51.19673299718984
Eunicella verrucosa,-6.247801999999999,49.943362996885305
Eunicella verrucosa,-4.683034999999997,51.175680997185026
Eunicella verrucosa,-5.044158,50.04601799691165
Eunicella verrucosa,-4.171719999999996,50.306691996977335
Eunicella verrucosa,-4.684307000000001,51.17295399718437
Eunicella verrucosa,-5.042706999999997,50.045156996911444
Eunicella verrucosa,-4.128979,50.29309199697397
Eunicella verrucosa,-5.525424000000002,49.99819399689947
Eunicella verrucosa,-2.2673629999999965,50.53981199703471
Eunicella verrucosa,-8.444178000000004,54.471018997826754
Eunicella verrucosa,-3.3810910000000005,50.54991299703716
Eunicella verrucosa,-8.457589000000002,54.56709099784224
Eunicella verrucosa,-1.854861000000003,50.683914997069586
Eunicella verrucosa,-2.9514629999999955,50.66393199706481
Eunicella verrucosa,-4.149079999999994,50.33409599698412
Eunicella verrucosa,-4.2372790000000045,50.32703499698235
Eunicella verrucosa,-3.4405190000000045,50.55458899703833
Eunicella verrucosa,-2.874852000000001,50.6528419970621
Eunicella verrucosa,-4.265497999999993,50.18167399694601
Eunicella verrucosa,-4.2712239999999975,50.18426099694664
Eunicella verrucosa,-6.2526489999999955,49.93508699688322
Eunicella verrucosa,-4.155714,50.35645999698964
Eunicella verrucosa,-4.209898000000001,50.312267996978726
Eunicella verrucosa,-6.285894999999995,49.979751996894706
Eunicella verrucosa,-3.968629,50.2860259969722
Eunicella verrucosa,-5.586129000000006,50.04491399691137
Eunicella verrucosa,-5.052158000000001,50.06200099691573
Eunicella verrucosa,-2.8172670000000037,50.67664199706785
Eunicella verrucosa,-4.1463119999999964,50.33504699698435
Eunicella verrucosa,-2.9347009999999947,50.6748599970674
Eunicella verrucosa,-5.049846999999995,50.48665799702177
Eunicella verrucosa,-4.663910999999992,51.19140899718862
Eunicella verrucosa,-5.045610000000001,50.046879996911855
Eunicella verrucosa,-6.34979299999999,49.883785996869975
Eunicella verrucosa,-2.802946999999998,50.66684899706552
Eunicella verrucosa,-4.262655999999993,50.18082999694579
Eunicella verrucosa,-3.728272000000001,50.199907996950614
Eunicella verrucosa,-1.8562789999999976,50.68301799706939
Eunicella verrucosa,-4.170233999999998,50.304920996976925
Eunicella verrucosa,-3.519639999999999,50.336834996984834
Eunicella verrucosa,-3.890061999999995,50.21627499695472
Eunicella verrucosa,-5.139552999999998,51.97200999736064
Eunicella verrucosa,-6.346774999999997,49.88119999686931
Eunicella verrucosa,-5.038806999999999,50.04975699691265
Eunicella verrucosa,-6.365417999999993,49.96418299689073
Eunicella verrucosa,-3.9699949999999955,50.285102996971936
Eunicella verrucosa,-4.164335999999999,50.298734996975305
Eunicella verrucosa,-5.573918000000004,50.049789996912594
Eunicella verrucosa,-5.038976999999997,50.05245099691326
Eunicella verrucosa,-5.599866000000001,50.04178899691057
Eunicella verrucosa,-5.077427999999996,50.43375699700876
Eunicella verrucosa,-4.2585,50.18181099694608
Eunicella verrucosa,-3.9715459999999996,50.28867399697279
Eunicella verrucosa,-4.183027999999996,50.30827899697775
Eunicella verrucosa,-2.750812999999998,50.68068599706883
Eunicella verrucosa,-5.453086000000001,49.962585996890304
Eunicella verrucosa,-4.660844999999999,51.18788099718787
Eunicella verrucosa,-4.3063229999999955,50.331081996983364
Eunicella verrucosa,-9.674577000000005,52.7017229975097
Eunicella verrucosa,-3.875429000000002,50.236299996959715
Eunicella verrucosa,-2.839587999999993,50.65849699706345
Eunicella verrucosa,-2.9444079999999917,50.664888997064985
Eunicella verrucosa,-2.180131999999992,50.60832599705131
Eunicella verrucosa,-5.409698999999995,49.99985699689985
Eunicella verrucosa,-5.102133000000001,51.97839899736199
Eunicella verrucosa,-3.731171000000001,50.20256299695133
Eunicella verrucosa,-4.099914000000001,50.30261499697634
Eunicella verrucosa,-6.850314999999994,52.09056699738567
Eunicella verrucosa,-6.334087000000002,49.97255899689284
Eunicella verrucosa,-5.193911000000007,50.55295599703794
Eunicella verrucosa,-6.288844999999996,49.903157996874995
Eunicella verrucosa,-4.684359,51.17385199718463
Eunicella verrucosa,-5.081460000000001,50.47412999701872
Eunicella verrucosa,-4.255613000000007,50.328479996982765
Eunicella verrucosa,-3.8478280000000034,50.211557996953516
Eunicella verrucosa,-3.9388409999999987,50.27843199697032
Eunicella verrucosa,-4.043130000000003,50.288336996972745
Eunicella verrucosa,-6.3495510000000035,49.88109599686932
Eunicella verrucosa,-2.9394849999999995,50.701799997073884
Eunicella verrucosa,-5.092946999999993,51.993030997365146
Eunicella verrucosa,-2.6157250000000007,50.63291699705731
Eunicella verrucosa,-5.409635999999995,49.9989599968996
Eunicella verrucosa,-6.269999000000002,49.92634999688098
Eunicella verrucosa,-4.670095999999998,51.19936199719048
Eunicella verrucosa,-1.8562760000000016,50.683916997069574
Eunicella verrucosa,-2.935129999999996,50.69643899707257
Eunicella verrucosa,-5.310305,51.73976799731082
Eunicella verrucosa,-4.942024,50.58928299704671
Eunicella verrucosa,-3.644509000000001,50.24969199696309
Eunicella verrucosa,-2.8031929999999976,50.681235997068974
Eunicella verrucosa,-4.338318000000002,50.20991299695307
Eunicella verrucosa,-5.1102359999999996,50.440080997010284
Eunicella verrucosa,-3.888641999999988,50.18032099694566
Eunicella verrucosa,-4.115309000000007,50.30143699697606
Eunicella verrucosa,-5.630594999999991,50.04172999691054
Eunicella verrucosa,-2.9652970000000023,50.64853099706111
Eunicella verrucosa,-5.041198999999998,50.043396996911
Eunicella verrucosa,-3.981521999999998,50.22464499695681
Eunicella verrucosa,-3.9404989999999946,50.28469999697184
Eunicella verrucosa,-4.657830999999994,51.18525099718724
Eunicella verrucosa,-4.065808,50.293332996974
Eunicella verrucosa,-2.946564000000001,50.70174299707389
Eunicella verrucosa,-4.670148,51.200259997190656
Eunicella verrucosa,-5.029399999999997,50.01131999690282
Eunicella verrucosa,-4.265413,50.17987699694555
Eunicella verrucosa,-5.2663459999999995,51.732903997309336
Eunicella verrucosa,-3.9374019999999956,50.27755599697009
Eunicella verrucosa,-5.141957,51.9647499973591
Eunicella verrucosa,-3.9704409999999988,50.29588899697464
Eunicella verrucosa,-3.9800239999999967,50.25615099696467
Eunicella verrucosa,-4.341953999999993,50.22692999695739
Eunicella verrucosa,-4.943769000000001,50.1403669969356
Eunicella verrucosa,-5.288681999999999,51.74127499731121
Eunicella verrucosa,-1.7968299999999982,50.68292899706934
Eunicella verrucosa,-4.145853999999997,50.29368099697409
Eunicella verrucosa,-4.9087179999999995,50.070184996917796
Eunicella verrucosa,-3.9402939999999984,50.24512799696196
Eunicella verrucosa,-4.063041,50.29428099697426
Eunicella verrucosa,-2.133463,50.59669799704855
Eunicella verrucosa,-4.15606,50.33306799698386
Eunicella verrucosa,-6.278609999999999,49.91343499687765
Eunicella verrucosa,-4.339718,50.20988499695312
Eunicella verrucosa,-4.002484999999997,50.28994399697318
Eunicella verrucosa,-3.900474999999996,50.2313959969585
Eunicella verrucosa,-2.461896,50.518518997029496
Eunicella verrucosa,-5.087932999999998,52.00485399736759
Eunicella verrucosa,-2.1673870000000037,50.601150997049636
Eunicella verrucosa,-3.8697519999999983,50.23459299695934
Eunicella verrucosa,-4.244684999999992,50.305304996976986
Eunicella verrucosa,-4.676075000000002,51.20372199719146
Eunicella verrucosa,-3.7328970000000004,50.21153099695349
Eunicella verrucosa,-4.269653999999998,50.18069399694578
Eunicella verrucosa,-4.663806999999998,51.189611997188194
Eunicella verrucosa,-2.850106999999996,50.69259399707172
Eunicella verrucosa,-6.279920000000001,49.91248599687738
Eunicella verrucosa,-5.013450999999996,50.00184099690038
Eunicella verrucosa,-5.049731000000001,50.484861997021284
Eunicella verrucosa,-4.683190999999996,51.178375997185675
Eunicella verrucosa,-4.682878,51.17298699718442
Eunicella verrucosa,-1.8576859999999982,50.68571699707003
Eunicella verrucosa,-5.005448999999996,50.58676299704614
Eunicella verrucosa,-4.147634999999999,50.333223996983904
Eunicella verrucosa,-6.238023000000002,49.95901799688935
Eunicella verrucosa,-4.3397619999999995,50.21078399695334
Eunicella verrucosa,-4.252721000000004,50.3267369969823
Eunicella verrucosa,-4.068614000000005,50.29328299697396
Eunicella verrucosa,-3.036085,50.651519997061804
Eunicella verrucosa,-4.654558999999997,51.178129997185565
Eunicella verrucosa,-5.104916000000001,51.97652599736161
Eunicella verrucosa,-5.293150999999998,51.74294899731152
Eunicella verrucosa,-5.228221000000002,50.33161199698353
Eunicella verrucosa,-6.257126999999992,49.97001499689223
Eunicella verrucosa,-4.342385999999997,50.2071329969524
Eunicella verrucosa,-5.604699999999997,50.03174199690803
Eunicella verrucosa,-2.1787189999999947,50.608327997051354
Eunicella verrucosa,-6.284904000000001,49.98428799689584
Eunicella verrucosa,-5.053495999999996,50.06106599691552
Eunicella verrucosa,-3.518234999999995,50.3368529969848
Eunicella verrucosa,-5.253709999999994,51.69817699730182
Eunicella verrucosa,-3.8420170000000042,50.20625399695219
Eunicella verrucosa,-4.485096999999998,50.17538199694443
Eunicella verrucosa,-2.9638819999999955,50.6485419970611
Eunicella verrucosa,-3.2739930000000017,50.55652999703882
Eunicella verrucosa,-3.040009999999995,50.637095997058275
Eunicella verrucosa,-6.252797000000008,49.96837499689181
Eunicella verrucosa,-8.456495999999987,54.46917699782644
Eunicella verrucosa,-4.670043999999994,51.198463997190295
Eunicella verrucosa,-4.002409999999998,50.28814699697269
Eunicella verrucosa,-5.6926879999999995,50.03167099690795
Eunicella verrucosa,-2.7623100000000007,50.69140299707138
Eunicella verrucosa,-5.056652999999999,50.044789996911305
Eunicella verrucosa,-3.4830299999999976,50.37957799699542
Eunicella verrucosa,-4.269611000000003,50.179794996945496
Eunicella verrucosa,-2.779356999999996,50.69488699707219
Eunicella verrucosa,-5.048170999999994,50.04321399691098
Eunicella verrucosa,-4.682617999999993,51.16849599718342
Eunicella verrucosa,-4.68015599999999,51.200030997190595
Eunicella verrucosa,-5.085103999999998,50.42185999700587
Eunicella verrucosa,-4.129421000000004,50.3029779969764
Eunicella verrucosa,-2.7834689999999993,50.68676599707021
Eunicella verrucosa,-8.442606999999992,54.468329997826295
Eunicella verrucosa,-8.455952999999994,54.55901199784097
Eunicella verrucosa,-2.7006490000000034,50.63873199705871
Eunicella verrucosa,-4.020607999999999,50.2869319969724
Eunicella verrucosa,-2.941146999999992,50.643331997059846
Eunicella verrucosa,-6.336496999999996,49.87528699686774
Eunicella verrucosa,-2.1773120000000024,50.61012899705181
Eunicella verrucosa,-4.16973199999999,50.139429996935355
Eunicella verrucosa,-3.5768129999999934,50.323481996981506
Eunicella verrucosa,-3.741138000000002,50.206910996952345
Eunicella verrucosa,-4.011890000000002,50.21332899695397
Eunicella verrucosa,-5.076487999999994,50.44097899701051
Eunicella verrucosa,-5.272517999999999,51.738128997310504
Eunicella verrucosa,-2.287435999999996,50.59192299704736
Eunicella verrucosa,-2.1672659999999992,50.56697799704132
Eunicella verrucosa,-4.8863049999999975,50.602371997049914
Eunicella verrucosa,-4.266770000000003,50.17895099694533
Eunicella verrucosa,-8.462237,54.567970997842366
Eunicella verrucosa,-5.045950999999997,50.0522679969132
Eunicella verrucosa,-2.085402999999999,50.584153997045476
Eunicella verrucosa,-5.242090999999992,51.73807399731045
Eunicella verrucosa,-3.899074000000002,50.23141899695855
Eunicella verrucosa,-6.246491,49.944310996885584
Eunicella verrucosa,-4.996015000000002,50.57171399704247
Eunicella verrucosa,-5.056138999999993,50.03670699690926
Eunicella verrucosa,-2.8172520000000003,50.67574299706764
Eunicella verrucosa,-4.2223609999999985,50.30843299697777
Eunicella verrucosa,-5.2053349999999945,49.9490129968868
Eunicella verrucosa,-3.061298999999997,50.640500997059085
Eunicella verrucosa,-5.096877999999992,49.99694299689911
Eunicella verrucosa,-2.815835999999998,50.67575299706761
Eunicella verrucosa,-3.0238069999999992,50.67231199706682
Eunicella verrucosa,-4.660274999999998,51.17799999718555
Eunicella verrucosa,-4.269567999999989,50.17889599694533
Eunicella verrucosa,-5.671483000000004,51.72259599730711
Eunicella verrucosa,-5.2813349999999994,49.95948099688948
Eunicella verrucosa,-4.658691,51.17533799718498
Eunicella verrucosa,-4.669032999999997,51.15621499718061
Eunicella verrucosa,-6.285816000000003,49.978854996894434
Eunicella verrucosa,-2.8186819999999932,50.67663199706786
Eunicella verrucosa,-5.038636000000004,50.047062996911954
Eunicella verrucosa,-6.407834999999992,49.86359299686474
Eunicella verrucosa,-2.9036569999999973,50.679600997068576
Eunicella verrucosa,-6.29471799999999,49.90653899687583
Eunicella verrucosa,-4.774103999999994,50.23180199695862
Eunicella verrucosa,-4.681605999999992,51.175713997185014
Eunicella verrucosa,-2.9106279999999947,50.67415099706725
Eunicella verrucosa,-4.0444559999999985,50.286514996972294
Eunicella verrucosa,-4.685507999999995,51.193612997189184
Eunicella verrucosa,-3.033591999999991,50.66682999706546
Eunicella verrucosa,-2.9444259999999978,50.66578799706523
Eunicella verrucosa,-4.869042000000007,50.597400997048666
Eunicella verrucosa,-4.961148999999996,50.149819996937936
Eunicella verrucosa,-5.284410000000006,51.74229399731136
Eunicella verrucosa,-6.298652999999996,49.981977996895274
Eunicella verrucosa,-5.280006999999997,51.74151799731121
Eunicella verrucosa,-3.530819000000002,50.33488899698431
Eunicella verrucosa,-4.681918999999995,51.181102997186294
Eunicella verrucosa,-4.138879999999991,50.2947089969743
Eunicella verrucosa,-5.056709999999995,50.045687996911575
Eunicella verrucosa,-4.768992999999991,50.67448199706733
Eunicella verrucosa,-4.998835999999995,50.571640997042465
Eunicella verrucosa,-6.320905999999995,49.98114999689501
Eunicella verrucosa,-4.914306999999999,50.59807599704892
Eunicella verrucosa,-4.268168999999996,50.178923996945315
Eunicella verrucosa,-4.174444000000002,50.304841996976904
Eunicella verrucosa,-2.9332860000000007,50.67487099706739
Eunicella verrucosa,-4.682753999999993,51.19547499718957
Eunicella verrucosa,-5.049451999999999,50.04138099691043
Eunicella verrucosa,-4.665702999999998,51.19766299719005
Eunicella verrucosa,-2.9493960000000015,50.70171999707389
Eunicella verrucosa,-4.174484999999993,50.30574099697705
Eunicella verrucosa,-2.8331200000000027,50.69271699707169
Eunicella verrucosa,-4.664428999999998,51.2003909971907
Eunicella verrucosa,-4.663422999999999,51.15814199718105
Eunicella verrucosa,-6.387269999999996,49.867073996865656
Eunicella verrucosa,-4.343829999999993,50.208002996952644
Eunicella verrucosa,-6.240803999999994,49.95891699688937
Eunicella verrucosa,-4.660431000000001,51.18069499718617
Eunicella verrucosa,-2.9465460000000046,50.700843997073655
Eunicella verrucosa,-6.2945590000000005,49.90474599687539
Eunicella verrucosa,-3.0223719999999945,50.67142599706657
Eunicella verrucosa,-2.801746999999994,50.67944799706851
Eunicella verrucosa,-3.9362179999999976,50.282972996971395
Eunicella verrucosa,-4.670304000000003,51.20295499719131
Eunicella verrucosa,-4.659312,51.18611699718741
Eunicella verrucosa,-5.052215000000001,50.06289899691592
Eunicella verrucosa,-4.667340000000004,51.20122399719091
Eunicella verrucosa,-3.9996979999999995,50.223433996956466
Eunicella verrucosa,-4.681189000000001,51.16852799718342
Eunicella verrucosa,-3.735242000000004,50.19890399695035
Eunicella verrucosa,-3.6432409999999917,50.21283399695386
Eunicella verrucosa,-5.048227999999996,50.044111996911134
Eunicella verrucosa,-3.0728969999999936,50.65298499706217
Eunicella verrucosa,-2.803161999999999,50.679437997068476
Eunicella verrucosa,-2.6796979999999975,50.65684199706312
Eunicella verrucosa,-2.8043619999999967,50.66683999706549
Eunicella verrucosa,-5.052614000000001,50.06918499691757
Eunicella verrucosa,-4.679447999999999,51.16317199718213
Eunicella verrucosa,-4.906453999999997,50.1943809969492
Eunicella verrucosa,-3.0388349999999993,50.64789799706096
Eunicella verrucosa,-6.387106999999994,49.86528099686524
Eunicella verrucosa,-4.944265000000001,50.1484499969376
Eunicella verrucosa,-5.0395200000000004,50.038942996909874
Eunicella verrucosa,-4.125330999999999,50.305750996977075
Eunicella verrucosa,-3.481680999999996,50.38139399699581
Eunicella verrucosa,-6.279998999999998,49.91338299687764
Eunicella verrucosa,-4.665820000000002,50.27661599696982
Eunicella verrucosa,-5.526716999999997,50.053933996913685
Eunicella verrucosa,-5.064218999999999,50.031995996908044
Eunicella verrucosa,-4.683941999999992,51.166665997182974
Eunicella verrucosa,-5.1332749999999985,49.998663996899545
Eunicella verrucosa,-5.210116999999997,51.69577999730132
Eunicella verrucosa,-2.812929000000006,50.67127699706654
Eunicella verrucosa,-2.5120129999999965,50.58755499704636
Eunicella verrucosa,-4.061521999999995,50.29160999697358
Eunicella verrucosa,-5.391754999999994,51.898447997345
Eunicella verrucosa,-4.680906999999999,51.18832199718791
Eunicella verrucosa,-2.620048999999997,50.6391889970588
Eunicella verrucosa,-4.683347999999997,51.18107099718629
Eunicella verrucosa,-5.671251999999997,51.72708599730807
Eunicella verrucosa,-4.997539999999995,50.57347399704295
Eunicella verrucosa,-5.05343899999999,50.06016799691527
Eunicella verrucosa,-3.5628880000000054,50.327267996982414
Eunicella verrucosa,-5.072241000000007,50.026385996906605
Eunicella verrucosa,-4.674693999999999,51.15518599718035
Eunicella verrucosa,-6.274841,49.91807299687884
Eunicella verrucosa,-4.158602000000002,50.296142996974716
Eunicella verrucosa,-2.9162879999999975,50.67410699706724
Eunicella verrucosa,-2.7989619999999995,50.682164997069144
Eunicella verrucosa,-2.800407999999992,50.683952997069596
Eunicella verrucosa,-4.044533000000003,50.28831199697277
Eunicella verrucosa,-4.660119999999998,51.175305997184985
Eunicella verrucosa,-3.038774999999997,50.64520099706027
Eunicella verrucosa,-4.0830749999999965,50.30291799697637
Eunicella verrucosa,-2.804438999999991,50.67133499706658
Eunicella verrucosa,-4.113984999999998,50.30325999697645
Eunicella verrucosa,-2.9951849999999998,50.65727199706321
Eunicella verrucosa,-4.786483999999996,50.20361999695155
Eunicella verrucosa,-4.681637,51.20089699719081
Eunicella verrucosa,-3.0584909999999943,50.6414259970594
Eunicella verrucosa,-6.245100999999994,49.94436199688562
Eunicella verrucosa,-4.674592999999997,51.202856997191276
Eunicella verrucosa,-5.304914999999997,51.74531699731207
Eunicella verrucosa,-5.493580999999994,50.05943599691502
Eunicella verrucosa,-4.683399999999996,51.181968997186466
Eunicella verrucosa,-4.667184999999999,51.19852899719024
Eunicella verrucosa,-5.280541999999997,51.72891099730848
Eunicella verrucosa,-5.233085999999999,51.936197997353034
Eunicella verrucosa,-3.928805000000002,50.27320199696897
Eunicella verrucosa,-2.925256,50.698316997073086
Eunicella verrucosa,-2.9205329999999954,50.67407299706722
Eunicella verrucosa,-3.038854000000001,50.648796997061154
Eunicella verrucosa,-3.045746000000001,50.640641997059134
Eunicella verrucosa,-2.9589029999999963,50.68185699706916
Eunicella verrucosa,-2.926105,50.669532997066135
Eunicella verrucosa,-2.9787530000000015,50.68349099706948
Eunicella verrucosa,-3.561453999999998,50.32638699698222
Eunicella verrucosa,-5.042592999999992,50.04335999691098
Eunicella verrucosa,-4.681084999999996,51.16673199718297
Eunicella verrucosa,-2.920550999999998,50.67497199706741
Eunicella verrucosa,-4.1595379999999995,50.31681299697983
Eunicella verrucosa,-4.6592079999999925,51.18431999718702
Eunicella verrucosa,-3.984323999999999,50.22459699695682
Eunicella verrucosa,-3.9091340000000048,50.23754999696006
Eunicella verrucosa,-2.6796589999999956,50.65414399706244
Eunicella verrucosa,-4.685526999999997,51.16932799718359
Eunicella verrucosa,-2.913457999999992,50.67412899706722
Eunicella verrucosa,-5.027296999999993,50.55291399703795
Eunicella verrucosa,-3.0373610000000073,50.64521299706024
Eunicella verrucosa,-4.873111000000002,50.59460199704805
Eunicella verrucosa,-2.6271429999999962,50.640949997059266
Eunicella verrucosa,-2.917721000000004,50.67499499706751
Eunicella verrucosa,-3.0241589999999996,50.688496997070665
Eunicella verrucosa,-4.700685999999998,50.71746099707768
Eunicella verrucosa,-3.6669940000000008,50.210696996953295
Eunicella verrucosa,-2.7633319999999992,50.66711599706554
Eunicella verrucosa,-2.9658499999999943,50.675504997067584
Eunicella verrucosa,-4.662377999999996,51.189644997188275
Eunicella verrucosa,-4.659156999999998,51.18342199718682
Eunicella verrucosa,-4.661548999999997,51.17527299718496
Eunicella verrucosa,-4.328603000000004,50.21190799695359
Eunicella verrucosa,-4.265960999999996,50.161876996941025
Eunicella verrucosa,-4.665755,51.198561997190225
Eunicella verrucosa,-4.346718999999996,50.20974399695306
Eunicella verrucosa,-4.387234999999994,50.20711899695244
Eunicella verrucosa,-4.284076999999991,50.33601899698459
Eunicella verrucosa,-4.302763000000001,50.34464499698673
Eunicella verrucosa,-4.794842999999996,50.7521189970859
Eunicella verrucosa,-4.290620999999993,50.325995996982115
Eunicella verrucosa,-5.028480999999996,50.107600996927324
Eunicella verrucosa,-4.479406999999996,50.17370499694401
Eunicella verrucosa,-4.413836999999998,50.20656899695233
Eunicella verrucosa,-4.485142999999995,50.17628099694465
Eunicella verrucosa,-4.480805999999999,50.17367499694404
Eunicella verrucosa,-4.265075999999995,50.20236999695117
Eunicella verrucosa,-4.3817239999999975,50.20903099695288
Eunicella verrucosa,-4.390634999999997,50.16297399694128
Eunicella verrucosa,-5.119492999999997,50.53788399703429
Eunicella verrucosa,-4.109695999999999,50.30153899697604
Eunicella verrucosa,-4.679268999999998,51.184761997187124
Eunicella verrucosa,-4.431854999999997,50.20259499695131
Eunicella verrucosa,-4.328777999999993,50.21550199695451
Eunicella verrucosa,-4.341249999999999,50.21255299695373
Eunicella verrucosa,-4.415282000000006,50.2074379969525
Eunicella verrucosa,-4.311937999999999,50.33097099698335
Eunicella verrucosa,-4.341206,50.211653996953515
Eunicella verrucosa,-4.346763000000001,50.210642996953304
Eunicella verrucosa,-4.299174000000002,50.328525996982755
Eunicella verrucosa,-4.2855240000000006,50.33688999698485
Eunicella verrucosa,-4.325931999999999,50.32979199698303
Eunicella verrucosa,-4.656890999999995,50.769736997090114
Eunicella verrucosa,-4.658846000000002,51.17803299718561
Eunicella verrucosa,-4.380278999999999,50.208160996952664
Eunicella verrucosa,-4.286927999999997,50.33686199698478
Eunicella verrucosa,-4.385834999999999,50.20714799695238
Eunicella verrucosa,-6.197361000000004,50.004589996901075
Eunicella verrucosa,-6.270157999999995,49.92814399688143
Eunicella verrucosa,-4.427609000000005,50.201783996951114
Eunicella verrucosa,-4.661600999999999,51.17617099718514
Eunicella verrucosa,-4.275924999999995,50.16527999694192
Eunicella verrucosa,-4.480899999999999,50.17547199694449
Eunicella verrucosa,-4.409907999999996,50.2120479969537
Eunicella verrucosa,-5.0493949999999925,50.04048299691025
Eunicella verrucosa,-6.435215000000007,49.919237996879126
Eunicella verrucosa,-4.480852999999998,50.174572996944235
Eunicella verrucosa,-4.806349000000005,50.73115399708093
Eunicella verrucosa,-4.482299,50.17544199694446
Eunicella verrucosa,-4.275652999999996,50.336183996984666
Eunicella verrucosa,-3.629378000000002,50.17615399694466
Eunicella verrucosa,-4.3835959999999945,50.162218996941114
Eunicella verrucosa,-4.340201999999993,50.21976999695563
Eunicella verrucosa,-4.4304549999999985,50.202623996951296
Eunicella verrucosa,-6.215138999999996,50.000344996899976
Eunicella verrucosa,-4.482345000000004,50.17634099694466
Eunicella verrucosa,-4.264605,50.16280299694124
Eunicella verrucosa,-6.239857000000009,49.94815399688661
Eunicella verrucosa,-4.266971999999999,50.33095699698335
Eunicella verrucosa,-5.041876,50.098253996924925
Eunicella verrucosa,-6.203771000000001,49.99805899689939
Eunicella verrucosa,-5.043813999999995,50.084709996921525
Eunicella verrucosa,-4.337180999999994,50.215332996954494
Eunicella verrucosa,-4.319175999999995,50.335323996984464
Eunicella verrucosa,-5.041823999999996,50.05327599691352
Eunicella verrucosa,-5.038352999999992,50.04257199691081
Eunicella verrucosa,-4.661962999999993,51.18245899718663
Eunicella verrucosa,-6.314032000000002,49.982305996895334
Eunicella verrucosa,-4.2742489999999975,50.33621199698463
Eunicella verrucosa,-5.043217999999995,50.05323999691345
Eunicella verrucosa,-4.261806999999994,50.16285699694127
Eunicella verrucosa,-4.417492,50.195698996949574
Eunicella verrucosa,-5.339657999999993,50.01629099690408
Eunicella verrucosa,-6.208495000000004,50.00418599690098
Eunicella verrucosa,-4.262361000000001,50.20422199695169
Eunicella verrucosa,-2.5645879999999974,50.61339199705257
Eunicella verrucosa,-4.427564000000001,50.200885996950866
Eunicella verrucosa,-4.260961000000001,50.20424999695166
Eunicella verrucosa,-4.328647000000003,50.21280599695389
Eunicella verrucosa,-4.328735000000001,50.214602996954255
Eunicella verrucosa,-4.6602239999999995,51.17710199718536
Eunicella verrucosa,-6.170771000000001,50.01994699690495
Eunicella verrucosa,-4.6799169999999926,51.171255997184005
Eunicella verrucosa,-4.3401139999999945,50.21797299695519
Eunicella verrucosa,-4.724517000000002,50.76187999708828
Eunicella verrucosa,-5.042361999999998,50.08384799692123
Eunicella verrucosa,-4.485004000000003,50.173584996943994
Eunicella verrucosa,-4.274525999999995,50.16530699694189
Eunicella verrucosa,-6.368088999999994,49.87049899686653
Eunicella verrucosa,-2.556107999999995,50.61343199705259
Eunicella verrucosa,-4.387100000000001,50.20442299695171
Eunicella verrucosa,-5.118986999999991,50.5729799970428
Eunicella verrucosa,-5.037175999999994,50.09028099692293
Eunicella verrucosa,-4.310883000000001,50.33818699698513
Eunicella verrucosa,-4.3849949999999955,50.1621909969411
Eunicella verrucosa,-5.041141999999995,50.04249899691072
Eunicella verrucosa,-5.053153999999993,50.05567699691408
Eunicella verrucosa,-4.389235999999996,50.16300299694128
Eunicella verrucosa,-5.049168999999996,50.080970996920556
Eunicella verrucosa,-4.277324,50.1652519969419
Eunicella verrucosa,-5.066643999999995,50.11379499692884
Eunicella verrucosa,-5.044612999999996,50.053202996913505
Eunicella verrucosa,-5.050705999999992,50.06113899691548
Eunicella verrucosa,-4.724464999999997,50.76098099708804
Eunicella verrucosa,-6.271668999999993,49.976677996893876
Eunicella verrucosa,-4.387055999999999,50.2035249969515
Eunicella verrucosa,-4.4085079999999985,50.212076996953684
Eunicella verrucosa,-4.252507999999998,50.32224399698122
Eunicella verrucosa,-4.342562000000002,50.210726996953355
Eunicella verrucosa,-4.417447000000007,50.194800996949326
Eunicella verrucosa,-4.375795000000007,50.23073999695835
Eunicella verrucosa,-5.046605999999998,50.0405559969103
Eunicella verrucosa,-4.327378000000004,50.215529996954515
Eunicella verrucosa,-4.4188919999999925,50.195669996949555
Eunicella verrucosa,-4.305224000000003,50.33739999698492
Eunicella verrucosa,-5.064119999999995,50.07427899691883
Eunicella verrucosa,-6.433826000000003,49.919290996879155
Eunicella verrucosa,-5.050622000000003,50.081831996920755
Eunicella verrucosa,-6.158240999999998,50.0203969969051
Eunicella verrucosa,-3.6293469999999943,50.17525499694434
Eunicella verrucosa,-4.2770139999999905,50.335257996984446
Eunicella verrucosa,-4.338712999999996,50.21800099695516
Eunicella verrucosa,-4.327291,50.21373299695409
Eunicella verrucosa,-4.288331999999997,50.336834996984834
Eunicella verrucosa,-4.160941999999996,50.316786996979836
Eunicella verrucosa,-4.407108,50.21210599695367
Eunicella verrucosa,-6.250173999999992,49.97027099689224
Eunicella verrucosa,-5.046548999999999,50.03965799691
Eunicella verrucosa,-4.341646000000003,50.22063999695586
Eunicella verrucosa,-4.303775999999997,50.33652999698473
Eunicella verrucosa,-5.061215,50.072556996918415
Eunicella verrucosa,-6.158318999999992,50.02129399690531
Eunicella verrucosa,-4.338581000000001,50.21530499695446
Eunicella verrucosa,-5.064501999999998,50.10215699692591
Eunicella verrucosa,-2.7989770000000016,50.68306399706936
Eunicella verrucosa,-4.659415,51.187912997187865
Eunicella verrucosa,-4.660638000000001,51.184287997187006
Eunicella verrucosa,-5.065753000000005,50.57979199704448
Eunicella verrucosa,-5.040428999999998,50.05331299691354
Eunicella verrucosa,-4.392034000000001,50.162944996941256
Eunicella verrucosa,-3.6307469999999973,50.17523499694437
Eunicella verrucosa,-4.335824000000001,50.21625999695472
Eunicella verrucosa,-4.273126999999995,50.16533499694193
Eunicella verrucosa,-4.264990999999997,50.20057299695076
Eunicella verrucosa,-5.049226000000002,50.081868996920775
Eunicella verrucosa,-4.291313,50.340373996985704
Eunicella verrucosa,-6.164820000000003,50.031857996908066
Eunicella verrucosa,-4.483604999999999,50.17361499694398
Eunicella verrucosa,-4.346674999999993,50.20884499695287
Eunicella verrucosa,-6.170693000000004,50.01904999690477
Eunicella verrucosa,-4.328690999999996,50.21370499695406
Eunicella verrucosa,-6.216529999999997,50.00029399689996
Eunicella verrucosa,-4.263205999999999,50.16282999694128
Eunicella verrucosa,-4.660171999999994,51.17620399718518
Eunicella verrucosa,-4.6806979999999925,51.18472899718711
Eunicella verrucosa,-5.141224000000002,49.99215099689788
Eunicella verrucosa,-4.264563000000006,50.161903996941035
Eunicella verrucosa,-4.265034000000003,50.201471996951035
Eunicella verrucosa,-4.918541000000001,50.59796999704885
Eunicella verrucosa,-5.119432999999992,50.53698599703401
Eunicella verrucosa,-4.6554749999999965,50.76976899709014
Eunicella verrucosa,-5.050626999999994,50.12591199693197
Eunicella verrucosa,-4.340069999999999,50.217073996954895
Eunicella verrucosa,-4.304211000000001,50.34551599698694
Eunicella verrucosa,-4.299217,50.32942399698297
Eunicella verrucosa,-4.416046999999999,50.19482999694928
Eunicella verrucosa,-4.660585999999993,51.183389997186836
Eunicella verrucosa,-4.3884110000000005,50.20259699695132
Eunicella verrucosa,-4.4057080000000015,50.21213499695369
Eunicella verrucosa,-4.429008999999996,50.20175499695108
Eunicella verrucosa,-5.036074000000001,50.05072799691285
Eunicella verrucosa,-4.335779999999995,50.21536099695445
Eunicella verrucosa,-4.266928999999999,50.33005799698313
Eunicella verrucosa,-4.3803239999999954,50.20905999695288
Eunicella verrucosa,-4.264948999999994,50.199674996950534
Eunicella verrucosa,-4.659602999999996,51.1663229971829
Eunicella verrucosa,-6.195656999999997,50.00105199690014
Eunicella verrucosa,-4.660533999999994,51.182490997186584
Eunicella verrucosa,-4.489201000000001,50.17349499694397
Eunicella verrucosa,-4.320624,50.336193996984605
Eunicella verrucosa,-5.065516,50.07424199691887
Eunicella verrucosa,-5.055929000000002,50.12127399693077
Eunicella verrucosa,-5.058715,50.04024999691015
Eunicella verrucosa,-4.7943999999999996,50.21226999695372
Eunicella verrucosa,-3.9713229999999986,50.28328199697144
Eunicella verrucosa,-4.141909000000001,50.36211099699107
Eunicella verrucosa,-4.908416999999996,50.192082996948656
Eunicella verrucosa,-6.2644,49.941852996885
Eunicella verrucosa,-4.147529000000008,50.36200799699105
Eunicella verrucosa,-4.170356999999999,50.30761699697755
Eunicella verrucosa,-5.176242000000004,48.46655999647948
Eunicella verrucosa,-4.084182999999997,50.23703599695991
Eunicella verrucosa,-2.5440019999999985,48.616588996523106
Eunicella verrucosa,-2.483329999999996,48.63332999652795
Eunicella verrucosa,-4.185369999999993,47.726439996256325
Eunicella verrucosa,-1.8691599999999957,49.485809996765134
Eunicella verrucosa,-2.484520000000002,46.74232999593894
Eunicella verrucosa,-4.181849999999997,47.74726999626283
Eunicella verrucosa,-4.160119999999999,47.758499996266295
Eunicella verrucosa,-4.369210000000003,47.77385999627108
Eunicella verrucosa,-4.584769999999994,48.66071999653584
Eunicella verrucosa,-4.4244300000000045,47.72885999625716
Eunicella verrucosa,-2.3942000000000005,48.68880999654393
Eunicella verrucosa,-2.329329999999997,48.687259996543446
Eunicella verrucosa,-1.88165,49.721549996827676
Eunicella verrucosa,-4.150119999999995,47.771649996270384
Eunicella verrucosa,-4.223320000000001,47.76542999626846
Eunicella verrucosa,-4.20688,47.742049996261244
Eunicella verrucosa,-2.3669599999999997,48.66820999653799
Eunicella verrucosa,-4.31863,47.73508999625905
Eunicella verrucosa,-4.155029999999998,47.71387999625246
Eunicella verrucosa,-4.25091,47.73948999626044
Eunicella verrucosa,-4.330899999999996,47.74771999626297
Eunicella verrucosa,-1.8802599999999983,48.89230999660184
Eunicella verrucosa,-2.449709999999994,48.71204999655058
Eunicella verrucosa,-4.2498999999999985,47.73004999625748
Eunicella verrucosa,-4.534139999999995,47.79870999627873
Eunicella verrucosa,-4.206169999999999,47.72391999625559
Eunicella verrucosa,-1.7696999999999983,48.91160999660728
Eunicella verrucosa,-4.422900000000001,47.80121999627952
Eunicella verrucosa,-4.164269999999996,47.74901999626338
Eunicella verrucosa,-4.409169999999995,47.71760999625363
Eunicella verrucosa,-1.8899999999999986,49.4413799967532
Eunicella verrucosa,-3.7647700000000013,48.8017899965762
Eunicella verrucosa,-2.5028299999999994,48.67805999654085
Eunicella verrucosa,-2.194899999999996,48.630999996527244
Eunicella verrucosa,-4.2062500000000025,47.75629999626565
Eunicella verrucosa,-4.514820000000001,47.798239996278625
Eunicella verrucosa,-4.157359999999999,47.73179999625803
Eunicella verrucosa,-4.448559999999994,47.74738999626285
Eunicella verrucosa,-4.474419999999997,47.78955999627591
Eunicella verrucosa,-4.140169999999995,47.75621999626557
Eunicella verrucosa,-4.242869999999998,47.752539996264424
Eunicella verrucosa,-3.886110000000003,48.675279996540034
Eunicella verrucosa,-2.4864100000000056,48.67880999654103
Eunicella verrucosa,-3.005870000000001,47.40818999615628
Eunicella verrucosa,-2.906430000000001,47.56917999620723
Eunicella verrucosa,-2.9202199999999983,47.5686499962071
Eunicella verrucosa,-2.9112300000000007,47.56787999620685
Eunicella verrucosa,-3.602439999999995,48.775329996568644
Eunicella verrucosa,-5.057487999999999,48.42413399646707
Eunicella verrucosa,-3.9525550000000003,48.69280299654508
Eunicella verrucosa,-3.887887000000002,48.67347999653949
Eunicella verrucosa,-2.1594469999999992,48.6737729965396
Eunicella verrucosa,-2.5339740000000046,48.65938399653544
Eunicella verrucosa,-3.548017999999994,48.742412996559224
Eunicella verrucosa,-2.688889999999995,50.559399997039506
Eunicella verrucosa,-3.81402,48.72479999655422
Eunicella verrucosa,-3.9061599999999976,48.71979999655283
Eunicella verrucosa,-3.817580000000004,48.71289999655083
Eunicella verrucosa,-3.8854799999999976,48.70009999654717
Eunicella verrucosa,-4.2449999999999966,50.32499999698187
Eunicella verrucosa,-5.110779999999988,48.59867199651794
Eunicella verrucosa,-5.180142999999997,48.54742499650308
Eunicella verrucosa,-8.568961000000002,54.48123299782842
Eunicella verrucosa,-5.169928999999997,48.42624399646772
Eunicella verrucosa,-10.058531000000006,52.47249199746403
Eunicella verrucosa,-10.029531999999996,52.48177799746594
Eunicella verrucosa,-9.565519000000002,52.80044399752895
Eunicella verrucosa,-8.459240999999999,54.56675899784218
Eunicella verrucosa,-9.823891999999994,53.136457997593226
Eunicella verrucosa,-10.076548999999996,52.4613399974618
Eunicella verrucosa,-10.068193999999998,52.46164299746189
Eunicella verrucosa,-9.540309999999987,52.81791699753237
Eunicella verrucosa,-8.825157000000003,54.6612609978573
Eunicella verrucosa,-8.837906999999996,54.659457997857054
Eunicella verrucosa,-8.578058000000002,54.593116997846444
Eunicella verrucosa,-8.825700999999999,54.659878997857064
Eunicella verrucosa,-9.791271999999998,54.369479997810174
Eunicella verrucosa,-8.459086999999997,54.56676799784222
Eunicella verrucosa,-9.831197000000005,51.78007699731959
Eunicella verrucosa,-9.666682000000005,52.69316399750797
Eunicella verrucosa,-9.49122899999999,53.04677599757632
Eunicella verrucosa,-9.513313000000007,53.04393399757574
Eunicella verrucosa,-8.458932999999995,54.56677599784227
Eunicella verrucosa,-10.21608299999999,53.42325699764633
Eunicella verrucosa,-10.244808999999993,53.397912997641676
Eunicella verrucosa,-8.823621000000001,54.66044699785721
Eunicella verrucosa,-9.653855999999992,52.70877599751103
Eunicella verrucosa,-9.898703999999995,52.58959999748749
Eunicella verrucosa,-10.06925,52.448140997459184
Eunicella verrucosa,-9.830210999999998,51.776087997318726
Eunicella verrucosa,-10.287241999999999,53.58141499767486
Eunicella verrucosa,-6.852082999999997,52.09152899738584
Eunicella verrucosa,-9.636142999999997,52.732092997515636
Eunicella verrucosa,-8.792799999999994,54.659213997856995
Eunicella verrucosa,-9.906909000000006,53.23847199761227
Eunicella verrucosa,-8.296977000000004,54.59893299784736
Eunicella verrucosa,-8.434026000000003,54.47292299782705
Eunicella verrucosa,-8.507845000000003,54.567297997842324
Eunicella verrucosa,-8.412254,54.46426799782565
Eunicella verrucosa,-9.988175999999992,53.25276099761494
Eunicella verrucosa,-9.868810999999996,53.154120997596586
Eunicella verrucosa,-9.72572499999999,53.18796599760294
Eunicella verrucosa,-8.298947000000004,54.57460799784346
Eunicella verrucosa,-8.314815,54.6059249978485
Eunicella verrucosa,-9.874097999999993,53.14944299759566
Eunicella verrucosa,-8.689906999999996,54.46960499782655
Eunicella verrucosa,-9.674734999999993,53.16640699759886
Eunicella verrucosa,-9.818272999999998,53.132773997592544
Eunicella verrucosa,-8.373667999999999,54.47658199782766
Eunicella verrucosa,-8.53301499999999,54.44399799782238
Eunicella verrucosa,-9.991109000000005,53.251571997614725
Eunicella verrucosa,-7.977329999999994,51.85638699733604
Eunicella verrucosa,-9.64039,53.08914499758429
Eunicella verrucosa,-8.342149,54.48175699782844
Eunicella verrucosa,-10.000179999999999,53.2574499976158
Eunicella verrucosa,-8.445931,54.47192599782689
Eunicella verrucosa,-9.777645000000001,53.21926699760877
Eunicella verrucosa,-9.834162999999995,53.15407499759657
Eunicella verrucosa,-8.401945000000001,54.47445199782726
Eunicella verrucosa,-6.286548999999997,49.88131699686938
Eunicella verrucosa,-6.3127139999999935,49.994470996898485
Eunicella verrucosa,-2.841679999999992,50.7010999970737
Eunicella verrucosa,-3.471000000000001,47.65099999623287
Eunicella verrucosa,-2.860000000000005,50.64999999706138
